County,State,GDP,Ranking_within_County
Autauga,Alabama,1945909,32
Baldwin,Alabama,9435720,20
Barbour,Alabama,715994,62
Bibb,Alabama,466543,36
Blount,Alabama,987208,64
Bullock,Alabama,267926,8
Butler,Alabama,660757,43
Calhoun,Alabama,4764871,18
Chambers,Alabama,903782,27
Cherokee,Alabama,599214,58
Chilton,Alabama,1215493,10
Choctaw,Alabama,618810,60
Clarke,Alabama,850844,25
Clay,Alabama,386382,67
Cleburne,Alabama,327927,47
Coffee,Alabama,1709663,42
Colbert,Alabama,2802771,28
Conecuh,Alabama,383453,3
Coosa,Alabama,181781,65
Covington,Alabama,1234498,44
Crenshaw,Alabama,450012,49
Cullman,Alabama,3089606,59
Dale,Alabama,3035393,14
Dallas,Alabama,1344905,13
DeKalb,Alabama,2207302,63
Elmore,Alabama,2161855,15
Escambia,Alabama,1279587,17
Etowah,Alabama,3002919,38
Fayette,Alabama,356603,37
Franklin,Alabama,985317,66
Geneva,Alabama,578990,45
Greene,Alabama,216280,6
Hale,Alabama,272820,2
Henry,Alabama,485965,31
Houston,Alabama,5971112,24
Jackson,Alabama,1596941,29
Jefferson,Alabama,49903057,34
Lamar,Alabama,330918,51
Lauderdale,Alabama,2922201,19
Lawrence,Alabama,627737,61
Lee,Alabama,6987631,11
Limestone,Alabama,5181859,7
Lowndes,Alabama,422687,33
Macon,Alabama,563676,35
Madison,Alabama,30905624,9
Marengo,Alabama,822370,39
Marion,Alabama,976241,50
Marshall,Alabama,3873554,53
Mobile,Alabama,23187207,12
Monroe,Alabama,611516,56
Montgomery,Alabama,15024566,21
Morgan,Alabama,6409604,30
Perry,Alabama,204764,1
Pickens,Alabama,414576,26
Pike,Alabama,1613119,23
Randolph,Alabama,494719,55
Russell,Alabama,1697224,41
St. Clair,Alabama,2113414,40
Shelby,Alabama,13047437,48
Sumter,Alabama,332733,5
Talladega,Alabama,3201599,52
Tallapoosa,Alabama,1422123,54
Tuscaloosa,Alabama,10745352,22
Walker,Alabama,1809493,46
Washington,Alabama,985765,16
Wilcox,Alabama,366399,4
Winston,Alabama,787107,57
Aleutians East Borough,Alaska,291546,19
Aleutians West Census Area,Alaska,740425,10
Anchorage Municipality,Alaska,24036883,14
Bethel Census Area,Alaska,687011,15
Bristol Bay Borough,Alaska,148036,23
Chugach Census Area,Alaska,1341672,27
Copper River Census Area,Alaska,134453,13
Denali Borough,Alaska,283364,12
Dillingham Census Area,Alaska,258398,5
Fairbanks North Star Borough,Alaska,5595570,22
Haines Borough,Alaska,102682,6
Hoonah-Angoon Census Area,Alaska,108503,3
Juneau City and Borough,Alaska,2387533,25
Kenai Peninsula Borough,Alaska,2679059,9
Ketchikan Gateway Borough,Alaska,879702,17
Kodiak Island Borough,Alaska,819757,18
Kusilvak Census Area,Alaska,149800,26
Lake and Peninsula Borough,Alaska,90101,7
Matanuska-Susitna Borough,Alaska,3225633,16
Nome Census Area,Alaska,460730,21
North Slope Borough,Alaska,7085304,1
Northwest Arctic Borough,Alaska,577646,29
Petersburg Borough,Alaska,170706,8
Prince of Wales-Hyder Census Area,Alaska,243033,24
Sitka City and Borough,Alaska,545349,11
Skagway Municipality,Alaska,80430,4
Southeast Fairbanks Census Area,Alaska,655659,28
Wrangell City and Borough,Alaska,94748,2
Yakutat City and Borough,Alaska,36830,30
Yukon-Koyukuk Census Area,Alaska,293143,20
Apache,Arizona,2209495,14
Cochise,Arizona,4969525,10
Coconino,Arizona,8001256,4
Gila,Arizona,1761201,11
Graham,Arizona,1249375,12
Greenlee,Arizona,1468908,15
La Paz,Arizona,678607,13
Maricopa,Arizona,311303699,7
Mohave,Arizona,6877318,3
Navajo,Arizona,2934657,8
Pima,Arizona,50781363,2
Pinal,Arizona,11485897,1
Santa Cruz,Arizona,2047319,9
Yavapai,Arizona,8387833,6
Yuma,Arizona,8435182,5
Arkansas,Arkansas,1100682,36
Ashley,Arkansas,909412,10
Baxter,Arkansas,1697626,42
Benton,Arkansas,19712755,25
Boone,Arkansas,1504210,19
Bradley,Arkansas,329636,47
Calhoun,Arkansas,330897,46
Carroll,Arkansas,869730,73
Chicot,Arkansas,274888,18
Clark,Arkansas,799464,13
Clay,Arkansas,366765,12
Cleburne,Arkansas,653112,40
Cleveland,Arkansas,142124,72
Columbia,Arkansas,1052780,17
Conway,Arkansas,734272,57
Craighead,Arkansas,5482402,43
Crawford,Arkansas,1680451,52
Crittenden,Arkansas,1757118,35
Cross,Arkansas,501210,5
Dallas,Arkansas,239044,27
Desha,Arkansas,559766,14
Drew,Arkansas,615578,32
Faulkner,Arkansas,4414444,20
Franklin,Arkansas,455031,61
Fulton,Arkansas,190114,67
Garland,Arkansas,3654803,29
Grant,Arkansas,457951,21
Greene,Arkansas,1772854,8
Hempstead,Arkansas,960918,66
Hot Spring,Arkansas,1203369,30
Howard,Arkansas,577760,75
Independence,Arkansas,1982731,22
Izard,Arkansas,294660,45
Jackson,Arkansas,894893,3
Jefferson,Arkansas,2846850,51
Johnson,Arkansas,705961,64
Lafayette,Arkansas,136853,63
Lawrence,Arkansas,443928,39
Lee,Arkansas,168935,58
Lincoln,Arkansas,257522,60
Little River,Arkansas,486746,53
Logan,Arkansas,463017,69
Lonoke,Arkansas,1538404,16
Madison,Arkansas,434964,74
Marion,Arkansas,637470,41
Miller,Arkansas,1270017,56
Mississippi,Arkansas,3823662,7
Monroe,Arkansas,213802,4
Montgomery,Arkansas,149922,44
Nevada,Arkansas,213374,70
Newton,Arkansas,98352,50
Ouachita,Arkansas,669597,34
Perry,Arkansas,186884,49
Phillips,Arkansas,536336,33
Pike,Arkansas,274986,55
Poinsett,Arkansas,688099,6
Polk,Arkansas,571735,62
Pope,Arkansas,3165510,9
Prairie,Arkansas,225501,2
Pulaski,Arkansas,31618885,24
Randolph,Arkansas,528533,59
St. Francis,Arkansas,721537,31
Saline,Arkansas,3072144,15
Scott,Arkansas,333594,65
Searcy,Arkansas,190332,37
Sebastian,Arkansas,7271760,26
Sevier,Arkansas,500883,68
Sharp,Arkansas,392973,54
Stone,Arkansas,270620,23
Union,Arkansas,2760334,11
Van Buren,Arkansas,378018,28
Washington,Arkansas,13240214,48
White,Arkansas,2411281,38
Woodruff,Arkansas,314387,1
Yell,Arkansas,607756,71
Alameda,California,150532046,47
Alpine,California,105610,30
Amador,California,1659330,35
Butte,California,9278380,27
Calaveras,California,1472506,12
Colusa,California,1609218,6
Contra Costa,California,78357593,37
Del Norte,California,844062,20
El Dorado,California,8833331,14
Fresno,California,47612742,23
Glenn,California,1031970,56
Humboldt,California,5872356,22
Imperial,California,10467574,2
Inyo,California,1141849,17
Kern,California,46941848,16
Kings,California,7041297,32
Lake,California,1954710,28
Lassen,California,1142546,34
Los Angeles,California,801967353,43
Madera,California,6226914,25
Marin,California,30661017,36
Mariposa,California,786148,4
Mendocino,California,3667396,18
Merced,California,9548937,49
Modoc,California,554727,1
Mono,California,1178510,9
Monterey,California,28980213,19
Napa,California,11412110,26
Nevada,California,4747160,31
Orange,California,273063592,48
Placer,California,27022666,39
Plumas,California,1035904,3
Riverside,California,98880553,40
Sacramento,California,102387018,29
San Benito,California,2273410,57
San Bernardino,California,102307449,44
San Diego,California,261671687,38
San Francisco,California,237017759,24
San Joaquin,California,33097405,53
San Luis Obispo,California,18023027,52
San Mateo,California,186334708,10
Santa Barbara,California,31996811,42
Santa Clara,California,390234709,21
Santa Cruz,California,16488399,46
Shasta,California,8742908,15
Sierra,California,98012,58
Siskiyou,California,1849450,5
Solano,California,29643413,51
Sonoma,California,31011472,50
Stanislaus,California,24067824,41
Sutter,California,3915978,54
Tehama,California,2135028,11
Trinity,California,402737,7
Tulare,California,18824792,33
Tuolumne,California,2610180,8
Ventura,California,53629861,45
Yolo,California,15555485,55
Yuba,California,3373337,13
Adams,Colorado,32332614,30
Alamosa,Colorado,686499,59
Arapahoe,Colorado,54078395,44
Archuleta,Colorado,568591,46
Baca,Colorado,211301,3
Bent,Colorado,140142,8
Boulder,Colorado,32931483,40
Broomfield,Colorado,10207031,37
Chaffee,Colorado,944387,27
Cheyenne,Colorado,326760,4
Clear Creek,Colorado,528527,12
Conejos,Colorado,187945,14
Costilla,Colorado,84139,24
Crowley,Colorado,116733,5
Custer,Colorado,164619,42
Delta,Colorado,911356,55
Denver,Colorado,98955752,48
Dolores,Colorado,93166,63
Douglas,Colorado,24304453,41
Eagle,Colorado,5071876,36
Elbert,Colorado,746846,18
El Paso,Colorado,42588082,32
Fremont,Colorado,1557426,33
Garfield,Colorado,3837815,28
Gilpin,Colorado,724691,39
Grand,Colorado,1112678,45
Gunnison,Colorado,1225711,53
Hinsdale,Colorado,45502,20
Huerfano,Colorado,264032,9
Jackson,Colorado,131582,2
Jefferson,Colorado,36744206,35
Kiowa,Colorado,97689,1
Kit Carson,Colorado,551067,7
Lake,Colorado,330640,61
La Plata,Colorado,3211843,38
Larimer,Colorado,22016467,52
Las Animas,Colorado,504599,50
Lincoln,Colorado,422369,13
Logan,Colorado,1104295,25
Mesa,Colorado,7367394,49
Mineral,Colorado,68945,31
Moffat,Colorado,1003615,62
Montezuma,Colorado,1229344,60
Montrose,Colorado,1810292,34
Morgan,Colorado,1561979,26
Otero,Colorado,550575,54
Ouray,Colorado,254150,58
Park,Colorado,466860,29
Phillips,Colorado,258754,11
Pitkin,Colorado,2823427,43
Prowers,Colorado,534509,10
Pueblo,Colorado,6881755,21
Rio Blanco,Colorado,607902,15
Rio Grande,Colorado,435258,23
Routt,Colorado,2282963,51
Saguache,Colorado,172959,16
San Juan,Colorado,43441,22
San Miguel,Colorado,846960,56
Sedgwick,Colorado,90667,57
Summit,Colorado,3147916,47
Teller,Colorado,1030558,19
Washington,Colorado,186811,64
Weld,Colorado,22705689,6
Yuma,Colorado,462878,17
Fairfield,Connecticut,96598373,3
Hartford,Connecticut,87029233,5
Litchfield,Connecticut,9068950,8
Middlesex,Connecticut,10313590,1
New Haven,Connecticut,53369766,6
New London,Connecticut,19691503,4
Tolland,Connecticut,5417077,7
Windham,Connecticut,5121576,2
Kent,Delaware,8417117,3
New Castle,Delaware,54376189,2
Sussex,Delaware,15224189,1
Alachua,Florida,16176855,49
Baker,Florida,774660,27
Bay,Florida,10140163,47
Bradford,Florida,688898,53
Brevard,Florida,32780628,26
Broward,Florida,132361553,41
Calhoun,Florida,341706,9
Charlotte,Florida,6931496,25
Citrus,Florida,5072824,48
Clay,Florida,6677254,18
Collier,Florida,25133932,43
Columbia,Florida,2604298,21
DeSoto,Florida,1079903,17
Dixie,Florida,307380,13
Duval,Florida,79935863,51
Escambia,Florida,18157767,59
Flagler,Florida,3965282,15
Franklin,Florida,376936,66
Gadsden,Florida,1330410,22
Gilchrist,Florida,421677,19
Glades,Florida,337752,61
Gulf,Florida,492965,52
Hamilton,Florida,588042,60
Hardee,Florida,1156610,67
Hendry,Florida,1399197,63
Hernando,Florida,5319978,35
Highlands,Florida,2851212,28
Hillsborough,Florida,115772943,37
Holmes,Florida,431262,24
Indian River,Florida,7908751,58
Jackson,Florida,1406915,42
Jefferson,Florida,305245,8
Lafayette,Florida,210912,1
Lake,Florida,12548919,31
Lee,Florida,40416750,40
Leon,Florida,17611188,46
Levy,Florida,1124365,2
Liberty,Florida,370019,3
Madison,Florida,532368,6
Manatee,Florida,19186221,23
Marion,Florida,12616744,32
Martin,Florida,9481295,30
Miami-Dade,Florida,192808376,50
Monroe,Florida,6070417,56
Nassau,Florida,3797201,14
Okaloosa,Florida,14531174,64
Okeechobee,Florida,2123213,5
Orange,Florida,121343736,38
Osceola,Florida,14415205,33
Palm Beach,Florida,106719346,36
Pasco,Florida,17659216,29
Pinellas,Florida,60134522,55
Polk,Florida,32161734,62
Putnam,Florida,2565984,7
St. Johns,Florida,13515965,16
St. Lucie,Florida,12048037,54
Santa Rosa,Florida,5826688,44
Sarasota,Florida,26223346,57
Seminole,Florida,26998021,45
Sumter,Florida,5621636,11
Suwannee,Florida,1542844,4
Taylor,Florida,739282,34
Union,Florida,394035,10
Volusia,Florida,21986706,39
Wakulla,Florida,872371,65
Walton,Florida,4720447,20
Washington,Florida,701303,12
Appling,Georgia,1778298,35
Atkinson,Georgia,258743,64
Bacon,Georgia,391856,40
Baker,Georgia,60450,156
Baldwin,Georgia,1471197,42
Banks,Georgia,474502,144
Barrow,Georgia,2772259,91
Bartow,Georgia,5874786,13
Ben Hill,Georgia,611986,17
Berrien,Georgia,451070,20
Bibb,Georgia,8561447,116
Bleckley,Georgia,252909,3
Brantley,Georgia,297685,86
Brooks,Georgia,479844,113
Bryan,Georgia,1386502,36
Bulloch,Georgia,2740304,92
Burke,Georgia,2749854,138
Butts,Georgia,764005,103
Calhoun,Georgia,112194,9
Camden,Georgia,2035803,30
Candler,Georgia,297197,72
Carroll,Georgia,6746661,5
Catoosa,Georgia,1797606,84
Charlton,Georgia,209963,115
Chatham,Georgia,21999121,22
Chattahoochee,Georgia,1610723,126
Chattooga,Georgia,544860,132
Cherokee,Georgia,9564427,19
Clarke,Georgia,8249884,46
Clay,Georgia,87006,1
Clayton,Georgia,20759302,4
Clinch,Georgia,220585,119
Cobb,Georgia,63747621,77
Coffee,Georgia,1701780,82
Colquitt,Georgia,1560788,34
Columbia,Georgia,4681187,49
Cook,Georgia,403853,108
Coweta,Georgia,5790634,12
Crawford,Georgia,156674,105
Crisp,Georgia,1006841,57
Dade,Georgia,484238,37
Dawson,Georgia,1039479,59
Decatur,Georgia,1049463,76
DeKalb,Georgia,46351529,47
Dodge,Georgia,412479,96
Dooly,Georgia,341400,150
Dougherty,Georgia,4820604,106
Douglas,Georgia,5695324,32
Early,Georgia,496004,146
Echols,Georgia,41798,89
Effingham,Georgia,2344775,21
Elbert,Georgia,669673,131
Emanuel,Georgia,700790,120
Evans,Georgia,397455,90
Fannin,Georgia,924354,48
Fayette,Georgia,6109018,62
Floyd,Georgia,4378964,56
Forsyth,Georgia,11932381,60
Franklin,Georgia,972751,157
Fulton,Georgia,198475810,93
Gilmer,Georgia,1019444,97
Glascock,Georgia,31419,107
Glynn,Georgia,4529947,80
Gordon,Georgia,2463741,136
Grady,Georgia,619298,147
Greene,Georgia,907410,44
Gwinnett,Georgia,54664984,74
Habersham,Georgia,1490884,111
Hall,Georgia,13196711,79
Hancock,Georgia,152102,124
Haralson,Georgia,1031307,94
Harris,Georgia,641714,7
Hart,Georgia,903030,127
Heard,Georgia,1395088,65
Henry,Georgia,8316003,18
Houston,Georgia,7582120,87
Irwin,Georgia,214978,117
Jackson,Georgia,4436998,130
Jasper,Georgia,301042,75
Jeff Davis,Georgia,481741,61
Jefferson,Georgia,521917,69
Jenkins,Georgia,152664,27
Johnson,Georgia,120156,125
Jones,Georgia,436903,109
Lamar,Georgia,474582,54
Lanier,Georgia,137073,43
Laurens,Georgia,1967870,24
Lee,Georgia,811944,8
Liberty,Georgia,3910016,95
Lincoln,Georgia,135859,73
Long,Georgia,214188,25
Lowndes,Georgia,5331454,68
Lumpkin,Georgia,970374,101
McDuffie,Georgia,705983,16
McIntosh,Georgia,221120,140
Macon,Georgia,404368,158
Madison,Georgia,606226,148
Marion,Georgia,109737,133
Meriwether,Georgia,649474,52
Miller,Georgia,199147,70
Mitchell,Georgia,728036,143
Monroe,Georgia,1340806,145
Montgomery,Georgia,146407,29
Morgan,Georgia,1045856,139
Murray,Georgia,1496145,26
Muscogee,Georgia,10668407,45
Newton,Georgia,3185497,58
Oconee,Georgia,1824213,122
Oglethorpe,Georgia,328870,152
Paulding,Georgia,3626648,50
Peach,Georgia,968450,63
Pickens,Georgia,1108981,104
Pierce,Georgia,479419,28
Pike,Georgia,369342,88
Polk,Georgia,1357462,33
Pulaski,Georgia,267523,112
Putnam,Georgia,615927,81
Quitman,Georgia,31965,114
Rabun,Georgia,605814,102
Randolph,Georgia,182321,99
Richmond,Georgia,13146409,78
Rockdale,Georgia,4306313,110
Schley,Georgia,114050,51
Screven,Georgia,301279,128
Seminole,Georgia,297046,14
Spalding,Georgia,2280849,100
Stephens,Georgia,962013,149
Stewart,Georgia,164767,11
Sumter,Georgia,971974,153
Talbot,Georgia,145609,137
Taliaferro,Georgia,29027,159
Tattnall,Georgia,593515,142
Taylor,Georgia,222954,6
Telfair,Georgia,268469,55
Terrell,Georgia,237098,23
Thomas,Georgia,2355768,71
Tift,Georgia,2053957,66
Toombs,Georgia,1029663,31
Towns,Georgia,416649,53
Treutlen,Georgia,103731,41
Troup,Georgia,3900318,85
Turner,Georgia,206281,38
Twiggs,Georgia,229967,155
Union,Georgia,893996,83
Upson,Georgia,687668,129
Walker,Georgia,1645262,123
Walton,Georgia,3039385,67
Ware,Georgia,1383699,98
Warren,Georgia,166457,15
Washington,Georgia,637803,151
Wayne,Georgia,1816523,2
Webster,Georgia,66432,10
Wheeler,Georgia,114918,39
White,Georgia,920697,141
Whitfield,Georgia,5966879,118
Wilcox,Georgia,146004,134
Wilkes,Georgia,341281,121
Wilkinson,Georgia,529402,154
Worth,Georgia,308979,135
Hawaii,Hawaii,8774703,2
Honolulu,Hawaii,65999825,1
Kauai,Hawaii,4122688,3
Maui/Kalawao,Hawaii,9714929,4
Ada,Idaho,35113870,22
Adams,Idaho,138816,20
Bannock,Idaho,3223311,30
Bear Lake,Idaho,207235,15
Benewah,Idaho,377449,28
Bingham,Idaho,1633289,36
Blaine,Idaho,1891730,25
Boise,Idaho,177455,35
Bonner,Idaho,1889687,17
Bonneville,Idaho,6993646,13
Boundary,Idaho,425087,23
Butte,Idaho,1505828,9
Camas,Idaho,83058,38
Canyon,Idaho,8412247,31
Caribou,Idaho,764245,3
Cassia,Idaho,1624533,10
Clark,Idaho,39081,44
Clearwater,Idaho,376711,41
Custer,Idaho,190361,5
Elmore,Idaho,1402089,8
Franklin,Idaho,470685,11
Fremont,Idaho,436888,27
Gem,Idaho,484206,19
Gooding,Idaho,1161920,32
Idaho,Idaho,467030,39
Jefferson,Idaho,968754,43
Jerome,Idaho,1333618,18
Kootenai,Idaho,8343499,12
Latah,Idaho,1626765,26
Lemhi,Idaho,301863,6
Lewis,Idaho,166964,37
Lincoln,Idaho,259109,34
Madison,Idaho,1550948,29
Minidoka,Idaho,929267,40
Nez Perce,Idaho,2293576,33
Oneida,Idaho,158549,1
Owyhee,Idaho,445220,7
Payette,Idaho,891106,24
Power,Idaho,433698,42
Shoshone,Idaho,690255,2
Teton,Idaho,491722,14
Twin Falls,Idaho,4492281,16
Valley,Idaho,592687,21
Washington,Idaho,504932,4
Adams,Illinois,3564837,52
Alexander,Illinois,134411,19
Bond,Illinois,598697,54
Boone,Illinois,1677996,87
Brown,Illinois,432196,56
Bureau,Illinois,1210687,88
Calhoun,Illinois,92688,95
Carroll,Illinois,564549,98
Cass,Illinois,694219,28
Champaign,Illinois,12077598,10
Christian,Illinois,1464861,100
Clark,Illinois,520657,77
Clay,Illinois,594368,65
Clinton,Illinois,1150093,22
Coles,Illinois,2644677,18
Cook,Illinois,427566643,23
Crawford,Illinois,1083100,3
Cumberland,Illinois,987505,1
DeKalb,Illinois,4177414,74
De Witt,Illinois,1253741,34
Douglas,Illinois,1121123,93
DuPage,Illinois,100921668,25
Edgar,Illinois,848907,101
Edwards,Illinois,279408,82
Effingham,Illinois,2198016,46
Fayette,Illinois,578070,67
Ford,Illinois,828588,17
Franklin,Illinois,969829,31
Fulton,Illinois,859833,45
Gallatin,Illinois,151124,66
Greene,Illinois,320177,89
Grundy,Illinois,4536653,4
Hamilton,Illinois,307036,60
Hancock,Illinois,596329,55
Hardin,Illinois,100553,5
Henderson,Illinois,179187,84
Henry,Illinois,1560040,35
Iroquois,Illinois,1029374,49
Jackson,Illinois,2616146,40
Jasper,Illinois,471934,97
Jefferson,Illinois,1754054,75
Jersey,Illinois,522212,68
Jo Daviess,Illinois,825237,81
Johnson,Illinois,220784,72
Kane,Illinois,28130759,48
Kankakee,Illinois,7040527,50
Kendall,Illinois,3917362,12
Knox,Illinois,1736146,62
Lake,Illinois,65112727,57
LaSalle,Illinois,5896416,29
Lawrence,Illinois,487412,96
Lee,Illinois,1590627,43
Livingston,Illinois,2185909,14
Logan,Illinois,1057858,76
McDonough,Illinois,1110554,38
McHenry,Illinois,11819877,71
McLean,Illinois,12363558,58
Macon,Illinois,7017642,59
Macoupin,Illinois,1148865,79
Madison,Illinois,11236150,53
Marion,Illinois,1331300,63
Marshall,Illinois,461233,32
Mason,Illinois,450786,64
Massac,Illinois,371182,102
Menard,Illinois,263932,11
Mercer,Illinois,424760,83
Monroe,Illinois,1037120,7
Montgomery,Illinois,1201183,37
Morgan,Illinois,1499477,41
Moultrie,Illinois,806577,33
Ogle,Illinois,2984539,21
Peoria,Illinois,13248830,61
Perry,Illinois,628861,36
Piatt,Illinois,519338,30
Pike,Illinois,548769,94
Pope,Illinois,59996,16
Pulaski,Illinois,151032,78
Putnam,Illinois,306599,9
Randolph,Illinois,1522952,15
Richland,Illinois,558612,99
Rock Island,Illinois,10037364,47
St. Clair,Illinois,12481020,26
Saline,Illinois,810808,8
Sangamon,Illinois,11807838,42
Schuyler,Illinois,226300,90
Scott,Illinois,151463,85
Shelby,Illinois,825949,6
Stark,Illinois,255768,73
Stephenson,Illinois,1800491,91
Tazewell,Illinois,5918091,86
Union,Illinois,395665,39
Vermilion,Illinois,3262640,69
Wabash,Illinois,329762,20
Warren,Illinois,854586,27
Washington,Illinois,1040903,80
Wayne,Illinois,455309,92
White,Illinois,506545,2
Whiteside,Illinois,2146857,70
Will,Illinois,37664561,24
Williamson,Illinois,3072167,13
Winnebago,Illinois,14026051,51
Woodford,Illinois,1248514,44
Adams,Indiana,1780675,78
Allen,Indiana,22655060,48
Bartholomew,Indiana,6847408,76
Benton,Indiana,486006,60
Blackford,Indiana,333249,67
Boone,Indiana,4384492,15
Brown,Indiana,315494,6
Carroll,Indiana,690943,47
Cass,Indiana,1485297,57
Clark,Indiana,5930137,29
Clay,Indiana,887000,22
Clinton,Indiana,1538816,49
Crawford,Indiana,194233,59
Daviess,Indiana,1524689,27
Dearborn,Indiana,1840758,58
Decatur,Indiana,1639380,70
DeKalb,Indiana,2813045,63
Delaware,Indiana,4336147,56
Dubois,Indiana,2714027,85
Elkhart,Indiana,18282076,91
Fayette,Indiana,561277,52
Floyd,Indiana,3153211,44
Fountain,Indiana,576236,16
Franklin,Indiana,562803,17
Fulton,Indiana,716930,11
Gibson,Indiana,3773866,88
Grant,Indiana,2526146,61
Greene,Indiana,663129,12
Hamilton,Indiana,23231110,31
Hancock,Indiana,3761571,18
Harrison,Indiana,1239291,38
Hendricks,Indiana,7751155,34
Henry,Indiana,1536053,54
Howard,Indiana,4968417,55
Huntington,Indiana,1582554,65
Jackson,Indiana,2882407,81
Jasper,Indiana,1438667,62
Jay,Indiana,1052466,84
Jefferson,Indiana,1713315,72
Jennings,Indiana,749300,36
Johnson,Indiana,6157867,24
Knox,Indiana,1903915,71
Kosciusko,Indiana,6390847,33
Lagrange,Indiana,1938105,89
Lake,Indiana,24165578,8
LaPorte,Indiana,4396220,9
Lawrence,Indiana,1488721,35
Madison,Indiana,4131600,45
Marion,Indiana,106819869,41
Marshall,Indiana,1726578,32
Martin,Indiana,1185807,83
Miami,Indiana,936012,19
Monroe,Indiana,7295054,46
Montgomery,Indiana,1882560,28
Morgan,Indiana,1989762,25
Newton,Indiana,354299,87
Noble,Indiana,2045852,74
Ohio,Indiana,113603,37
Orange,Indiana,675715,82
Owen,Indiana,612523,51
Parke,Indiana,412240,3
Perry,Indiana,930525,5
Pike,Indiana,531808,92
Porter,Indiana,8223354,14
Posey,Indiana,4598651,1
Pulaski,Indiana,709451,30
Putnam,Indiana,1107496,40
Randolph,Indiana,928348,75
Ripley,Indiana,1078202,86
Rush,Indiana,663526,2
St. Joseph,Indiana,14975120,42
Scott,Indiana,717434,66
Shelby,Indiana,2174492,13
Spencer,Indiana,912024,90
Starke,Indiana,561117,7
Steuben,Indiana,1511050,77
Sullivan,Indiana,968271,79
Switzerland,Indiana,244489,50
Tippecanoe,Indiana,10924881,21
Tipton,Indiana,657663,80
Union,Indiana,147699,23
Vanderburgh,Indiana,11755123,43
Vermillion,Indiana,935783,64
Vigo,Indiana,5006205,20
Wabash,Indiana,1311465,39
Warren,Indiana,283351,69
Warrick,Indiana,2690518,4
Washington,Indiana,718095,68
Wayne,Indiana,2969521,26
Wells,Indiana,1199283,53
White,Indiana,1143932,73
Whitley,Indiana,2050396,10
Adair,Iowa,500394,46
Adams,Iowa,215688,21
Allamakee,Iowa,533600,87
Appanoose,Iowa,393687,73
Audubon,Iowa,347585,4
Benton,Iowa,897548,16
Black Hawk,Iowa,7953333,53
Boone,Iowa,1040805,54
Bremer,Iowa,1205892,66
Buchanan,Iowa,827922,24
Buena Vista,Iowa,1425482,45
Butler,Iowa,550384,34
Calhoun,Iowa,427098,71
Carroll,Iowa,1355124,52
Cass,Iowa,726514,9
Cedar,Iowa,629905,79
Cerro Gordo,Iowa,2771827,10
Cherokee,Iowa,810264,19
Chickasaw,Iowa,806330,15
Clarke,Iowa,438218,78
Clay,Iowa,1104274,30
Clayton,Iowa,850637,64
Clinton,Iowa,2288022,65
Crawford,Iowa,812843,18
Dallas,Iowa,8031733,5
Davis,Iowa,291449,82
Decatur,Iowa,207514,97
Delaware,Iowa,944374,35
Des Moines,Iowa,2124389,62
Dickinson,Iowa,1105415,27
Dubuque,Iowa,7014874,31
Emmet,Iowa,346032,99
Fayette,Iowa,758170,61
Floyd,Iowa,886329,28
Franklin,Iowa,614966,83
Fremont,Iowa,328808,13
Greene,Iowa,514357,85
Grundy,Iowa,570433,60
Guthrie,Iowa,534964,20
Hamilton,Iowa,788053,84
Hancock,Iowa,897652,89
Hardin,Iowa,933199,63
Harrison,Iowa,535290,37
Henry,Iowa,899720,81
Howard,Iowa,540575,22
Humboldt,Iowa,451174,38
Ida,Iowa,626486,3
Iowa,Iowa,964151,88
Jackson,Iowa,659075,40
Jasper,Iowa,1174834,43
Jefferson,Iowa,740786,70
Johnson,Iowa,9674806,36
Jones,Iowa,673402,14
Keokuk,Iowa,336576,56
Kossuth,Iowa,981971,77
Lee,Iowa,1774682,39
Linn,Iowa,17227849,57
Louisa,Iowa,769295,6
Lucas,Iowa,266695,94
Lyon,Iowa,960549,67
Madison,Iowa,506735,17
Mahaska,Iowa,870010,76
Marion,Iowa,2189021,7
Marshall,Iowa,1772838,50
Mills,Iowa,512229,41
Mitchell,Iowa,804208,2
Monona,Iowa,383764,1
Monroe,Iowa,484287,49
Montgomery,Iowa,423925,80
Muscatine,Iowa,2524754,72
O'Brien,Iowa,898626,59
Osceola,Iowa,379581,96
Page,Iowa,636541,25
Palo Alto,Iowa,556422,93
Plymouth,Iowa,1569701,58
Pocahontas,Iowa,471793,95
Polk,Iowa,48719285,42
Pottawattamie,Iowa,4552586,23
Poweshiek,Iowa,1215623,75
Ringgold,Iowa,157466,86
Sac,Iowa,581965,33
Scott,Iowa,10401105,8
Shelby,Iowa,808166,11
Sioux,Iowa,2577309,69
Story,Iowa,5913693,44
Tama,Iowa,662882,68
Taylor,Iowa,281085,47
Union,Iowa,820383,32
Van Buren,Iowa,223115,98
Wapello,Iowa,1720335,51
Warren,Iowa,1435070,29
Washington,Iowa,1263482,90
Wayne,Iowa,227226,92
Webster,Iowa,2115534,48
Winnebago,Iowa,481408,91
Winneshiek,Iowa,1001120,55
Woodbury,Iowa,5531457,12
Worth,Iowa,368459,26
Wright,Iowa,841855,74
Allen,Kansas,550597,84
Anderson,Kansas,387165,45
Atchison,Kansas,613259,80
Barber,Kansas,202673,43
Barton,Kansas,1292914,46
Bourbon,Kansas,577764,79
Brown,Kansas,504554,99
Butler,Kansas,2724650,41
Chase,Kansas,124425,89
Chautauqua,Kansas,85261,24
Cherokee,Kansas,834410,100
Cheyenne,Kansas,132840,73
Clark,Kansas,216834,54
Clay,Kansas,282112,39
Cloud,Kansas,456890,36
Coffey,Kansas,717940,62
Comanche,Kansas,71049,4
Cowley,Kansas,1311009,86
Crawford,Kansas,1646436,87
Decatur,Kansas,161677,103
Dickinson,Kansas,665664,72
Doniphan,Kansas,247113,90
Douglas,Kansas,5438191,63
Edwards,Kansas,167344,23
Elk,Kansas,86035,34
Ellis,Kansas,1738049,59
Ellsworth,Kansas,281763,51
Finney,Kansas,2310012,66
Ford,Kansas,2405288,95
Franklin,Kansas,873801,74
Geary,Kansas,2847226,98
Gove,Kansas,225172,69
Graham,Kansas,171650,15
Grant,Kansas,384780,57
Gray,Kansas,658720,30
Greeley,Kansas,129986,102
Greenwood,Kansas,177441,12
Hamilton,Kansas,216527,13
Harper,Kansas,291040,48
Harvey,Kansas,1345105,78
Haskell,Kansas,369292,3
Hodgeman,Kansas,139278,5
Jackson,Kansas,365647,58
Jefferson,Kansas,372622,97
Jewell,Kansas,130802,1
Johnson,Kansas,58411422,64
Kearny,Kansas,227969,20
Kingman,Kansas,315236,49
Kiowa,Kansas,114986,50
Labette,Kansas,803553,96
Lane,Kansas,151780,10
Leavenworth,Kansas,3046021,67
Lincoln,Kansas,147096,9
Linn,Kansas,487297,83
Logan,Kansas,165949,81
Lyon,Kansas,1536126,68
McPherson,Kansas,2007929,53
Marion,Kansas,401797,40
Marshall,Kansas,555505,93
Meade,Kansas,224946,28
Miami,Kansas,1071145,56
Mitchell,Kansas,536474,19
Montgomery,Kansas,2037902,42
Morris,Kansas,208496,35
Morton,Kansas,151360,14
Nemaha,Kansas,491989,88
Neosho,Kansas,612619,55
Ness,Kansas,212760,31
Norton,Kansas,310436,37
Osage,Kansas,317349,47
Osborne,Kansas,198611,8
Ottawa,Kansas,134837,38
Pawnee,Kansas,285582,25
Phillips,Kansas,413878,22
Pottawatomie,Kansas,1191831,101
Pratt,Kansas,574584,61
Rawlins,Kansas,129470,105
Reno,Kansas,2661870,65
Republic,Kansas,219863,6
Rice,Kansas,673956,52
Riley,Kansas,2986995,60
Rooks,Kansas,217986,7
Rush,Kansas,153710,21
Russell,Kansas,304424,33
Saline,Kansas,2951984,85
Scott,Kansas,380077,27
Sedgwick,Kansas,32926595,75
Seward,Kansas,1285571,82
Shawnee,Kansas,11062377,76
Sheridan,Kansas,182027,18
Sherman,Kansas,322253,92
Smith,Kansas,195493,11
Stafford,Kansas,203654,2
Stanton,Kansas,187303,94
Stevens,Kansas,334599,32
Sumner,Kansas,738340,70
Thomas,Kansas,689630,91
Trego,Kansas,182719,29
Wabaunsee,Kansas,139826,44
Wallace,Kansas,81315,104
Washington,Kansas,204458,26
Wichita,Kansas,231735,17
Wilson,Kansas,323292,71
Woodson,Kansas,81730,16
Wyandotte,Kansas,11587330,77
Adair,Kentucky,401269,76
Allen,Kentucky,470693,116
Anderson,Kentucky,587853,51
Ballard,Kentucky,262736,14
Barren,Kentucky,1393900,88
Bath,Kentucky,205484,71
Bell,Kentucky,746751,49
Boone,Kentucky,12390860,98
Bourbon,Kentucky,922480,24
Boyd,Kentucky,2906677,7
Boyle,Kentucky,1326937,61
Bracken,Kentucky,171819,57
Breathitt,Kentucky,234667,13
Breckinridge,Kentucky,376576,113
Bullitt,Kentucky,2663712,115
Butler,Kentucky,311477,33
Caldwell,Kentucky,419651,105
Calloway,Kentucky,1423963,81
Campbell,Kentucky,3781082,34
Carlisle,Kentucky,188897,5
Carroll,Kentucky,1869655,109
Carter,Kentucky,504300,79
Casey,Kentucky,344675,73
Christian,Kentucky,6064788,92
Clark,Kentucky,1534534,101
Clay,Kentucky,359732,35
Clinton,Kentucky,319516,118
Crittenden,Kentucky,188434,29
Cumberland,Kentucky,180698,12
Daviess,Kentucky,4652119,70
Edmonson,Kentucky,186493,94
Elliott,Kentucky,84941,4
Estill,Kentucky,234918,30
Fayette,Kentucky,22149133,48
Fleming,Kentucky,326112,100
Floyd,Kentucky,1096792,78
Franklin,Kentucky,3439911,37
Fulton,Kentucky,222797,21
Gallatin,Kentucky,394823,2
Garrard,Kentucky,295918,9
Grant,Kentucky,575458,68
Graves,Kentucky,1290645,104
Grayson,Kentucky,723147,102
Green,Kentucky,164384,108
Greenup,Kentucky,805423,32
Hancock,Kentucky,878191,54
Hardin,Kentucky,5739094,83
Harlan,Kentucky,568524,74
Harrison,Kentucky,535178,89
Hart,Kentucky,598024,84
Henderson,Kentucky,2171778,25
Henry,Kentucky,343437,19
Hickman,Kentucky,188438,62
Hopkins,Kentucky,1912179,69
Jackson,Kentucky,167968,17
Jefferson,Kentucky,60907816,77
Jessamine,Kentucky,2177706,40
Johnson,Kentucky,451049,39
Kenton,Kentucky,9608875,36
Knott,Kentucky,209998,43
Knox,Kentucky,641557,47
Larue,Kentucky,219291,106
Laurel,Kentucky,2274446,63
Lawrence,Kentucky,411484,1
Lee,Kentucky,133745,3
Leslie,Kentucky,152009,50
Letcher,Kentucky,407657,60
Lewis,Kentucky,198358,91
Lincoln,Kentucky,437831,96
Livingston,Kentucky,328823,38
Logan,Kentucky,1142686,20
Lyon,Kentucky,246162,53
McCracken,Kentucky,5106986,80
McCreary,Kentucky,261087,45
McLean,Kentucky,230147,119
Madison,Kentucky,3358458,31
Magoffin,Kentucky,154012,26
Marion,Kentucky,934829,95
Marshall,Kentucky,1394413,93
Martin,Kentucky,193927,41
Mason,Kentucky,1257681,99
Meade,Kentucky,666561,11
Menifee,Kentucky,92195,56
Mercer,Kentucky,835839,114
Metcalfe,Kentucky,198137,64
Monroe,Kentucky,310862,110
Montgomery,Kentucky,1072007,107
Morgan,Kentucky,282920,22
Muhlenberg,Kentucky,1167632,58
Nelson,Kentucky,1770249,87
Nicholas,Kentucky,91829,97
Ohio,Kentucky,832071,82
Oldham,Kentucky,2148045,28
Owen,Kentucky,184031,23
Owsley,Kentucky,56263,6
Pendleton,Kentucky,301659,75
Perry,Kentucky,999213,66
Pike,Kentucky,1982514,59
Powell,Kentucky,242937,67
Pulaski,Kentucky,2329999,55
Robertson,Kentucky,30228,111
Rockcastle,Kentucky,366269,15
Rowan,Kentucky,821901,18
Russell,Kentucky,778889,65
Scott,Kentucky,3471923,103
Shelby,Kentucky,1757529,52
Simpson,Kentucky,1047507,8
Spencer,Kentucky,318849,44
Taylor,Kentucky,853935,72
Todd,Kentucky,408628,85
Trigg,Kentucky,296525,42
Trimble,Kentucky,520857,120
Union,Kentucky,823576,27
Warren,Kentucky,8637440,16
Washington,Kentucky,340036,90
Wayne,Kentucky,412747,112
Webster,Kentucky,361871,117
Whitley,Kentucky,1148490,46
Wolfe,Kentucky,122956,10
Woodford,Kentucky,1154397,86
Acadia,Louisiana,1554051,23
Allen,Louisiana,744574,38
Ascension,Louisiana,9397317,42
Assumption,Louisiana,504452,45
Avoyelles,Louisiana,949990,19
Beauregard,Louisiana,1415291,21
Bienville,Louisiana,658673,4
Bossier,Louisiana,5719967,32
Caddo,Louisiana,14118726,27
Calcasieu,Louisiana,13869163,20
Caldwell,Louisiana,187609,34
Cameron,Louisiana,733161,64
Catahoula,Louisiana,183886,13
Claiborne,Louisiana,384953,51
Concordia,Louisiana,586711,56
De Soto,Louisiana,2694250,1
East Baton Rouge,Louisiana,35303037,49
East Carroll,Louisiana,124236,62
East Feliciana,Louisiana,512387,18
Evangeline,Louisiana,936274,11
Franklin,Louisiana,497508,8
Grant,Louisiana,426166,61
Iberia,Louisiana,2831501,37
Iberville,Louisiana,2473237,10
Jackson,Louisiana,435954,52
Jefferson,Louisiana,24410200,53
Jefferson Davis,Louisiana,782510,43
Lafayette,Louisiana,15460525,40
Lafourche,Louisiana,4364179,15
LaSalle,Louisiana,485221,12
Lincoln,Louisiana,2076857,36
Livingston,Louisiana,3321450,47
Madison,Louisiana,345978,14
Morehouse,Louisiana,557512,22
Natchitoches,Louisiana,1487520,59
Orleans,Louisiana,23805024,54
Ouachita,Louisiana,7254241,46
Plaquemines,Louisiana,2689374,6
Pointe Coupee,Louisiana,784186,58
Rapides,Louisiana,5658355,50
Red River,Louisiana,786153,2
Richland,Louisiana,667505,35
Sabine,Louisiana,1064109,7
St. Bernard,Louisiana,1239124,16
St. Charles,Louisiana,8921067,3
St. Helena,Louisiana,205351,24
St. James,Louisiana,2423056,9
St. John the Baptist,Louisiana,2781487,5
St. Landry,Louisiana,2382202,30
St. Martin,Louisiana,1417857,33
St. Mary,Louisiana,2877217,31
St. Tammany,Louisiana,13057249,41
Tangipahoa,Louisiana,4756791,28
Tensas,Louisiana,109470,60
Terrebonne,Louisiana,5525959,26
Union,Louisiana,504199,55
Vermilion,Louisiana,1374251,39
Vernon,Louisiana,2048619,57
Washington,Louisiana,1113274,29
Webster,Louisiana,1132725,48
West Baton Rouge,Louisiana,1549862,25
West Carroll,Louisiana,176848,44
West Feliciana,Louisiana,870155,63
Winn,Louisiana,568235,17
Androscoggin,Maine,5383444,2
Aroostook,Maine,2570781,15
Cumberland,Maine,26732301,5
Franklin,Maine,1138827,14
Hancock,Maine,2738772,10
Kennebec,Maine,6534809,3
Knox,Maine,2021203,9
Lincoln,Maine,1375392,7
Oxford,Maine,1912837,8
Penobscot,Maine,7231746,12
Piscataquis,Maine,643090,4
Sagadahoc,Maine,2398061,1
Somerset,Maine,1802108,11
Waldo,Maine,1533828,16
Washington,Maine,1106320,13
York,Maine,10112682,6
Allegany,Maryland,2686150,21
Anne Arundel,Maryland,52855578,14
Baltimore,Maryland,56988352,16
Calvert,Maryland,4437122,19
Caroline,Maryland,1178947,22
Carroll,Maryland,6678160,7
Cecil,Maryland,5480881,1
Charles,Maryland,6092222,11
Dorchester,Maryland,1321022,23
Frederick,Maryland,15401837,2
Garrett,Maryland,1312205,4
Harford,Maryland,13702502,8
Howard,Maryland,30108718,6
Kent,Maryland,970030,12
Montgomery,Maryland,95022737,15
Prince George's,Maryland,48649645,13
Queen Anne's,Maryland,2077194,17
St. Mary's,Maryland,8198447,5
Somerset,Maryland,797479,24
Talbot,Maryland,2119369,3
Washington,Maryland,7232578,9
Wicomico,Maryland,5451770,18
Worcester,Maryland,2957157,20
Baltimore City,Maryland,51151033,10
Barnstable,Massachusetts,14483670,4
Berkshire,Massachusetts,7240663,6
Bristol,Massachusetts,27170801,12
Dukes,Massachusetts,1596463,3
Essex,Massachusetts,48080288,8
Franklin,Massachusetts,2988888,1
Hampden,Massachusetts,23113491,14
Hampshire,Massachusetts,7823339,9
Middlesex,Massachusetts,197209394,7
Nantucket,Massachusetts,1519088,2
Norfolk,Massachusetts,58088322,11
Plymouth,Massachusetts,27762507,5
Suffolk,Massachusetts,151981903,10
Worcester,Massachusetts,46807136,13
Alcona,Michigan,222259,82
Alger,Michigan,262200,50
Allegan,Michigan,5103112,11
Alpena,Michigan,1153565,25
Antrim,Michigan,630545,55
Arenac,Michigan,437524,71
Baraga,Michigan,300212,21
Barry,Michigan,1704288,33
Bay,Michigan,3628109,81
Benzie,Michigan,564663,30
Berrien,Michigan,7361870,79
Branch,Michigan,1446933,72
Calhoun,Michigan,7197440,70
Cass,Michigan,1588802,1
Charlevoix,Michigan,1328042,67
Cheboygan,Michigan,677824,49
Chippewa,Michigan,1271133,12
Clare,Michigan,1243321,4
Clinton,Michigan,2441540,31
Crawford,Michigan,453997,37
Delta,Michigan,1221115,75
Dickinson,Michigan,1369976,69
Eaton,Michigan,6091867,62
Emmet,Michigan,1966880,28
Genesee,Michigan,16090544,48
Gladwin,Michigan,470332,73
Gogebic,Michigan,484235,76
Grand Traverse,Michigan,5782816,20
Gratiot,Michigan,1561141,38
Hillsdale,Michigan,1872509,47
Houghton,Michigan,1212067,41
Huron,Michigan,1645881,2
Ingham,Michigan,18899392,46
Ionia,Michigan,1891422,3
Iosco,Michigan,958526,78
Iron,Michigan,327128,52
Isabella,Michigan,2548155,56
Jackson,Michigan,6909361,58
Kalamazoo,Michigan,16666024,66
Kalkaska,Michigan,619912,14
Kent,Michigan,46488276,74
Keweenaw,Michigan,63374,5
Lake,Michigan,215175,83
Lapeer,Michigan,2432790,24
Leelanau,Michigan,848712,45
Lenawee,Michigan,3414233,63
Livingston,Michigan,7752182,53
Luce,Michigan,165173,39
Mackinac,Michigan,521059,13
Macomb,Michigan,42989560,61
Manistee,Michigan,886312,40
Marquette,Michigan,2895594,22
Mason,Michigan,1029011,77
Mecosta,Michigan,1323440,35
Menominee,Michigan,744697,68
Midland,Michigan,6344935,10
Missaukee,Michigan,453918,7
Monroe,Michigan,6247886,19
Montcalm,Michigan,1684145,18
Montmorency,Michigan,247552,51
Muskegon,Michigan,6493351,36
Newaygo,Michigan,1621830,64
Oakland,Michigan,114874085,42
Oceana,Michigan,655313,23
Ogemaw,Michigan,550920,54
Ontonagon,Michigan,136639,29
Osceola,Michigan,804299,32
Oscoda,Michigan,231107,26
Otsego,Michigan,1179916,9
Ottawa,Michigan,16152381,43
Presque Isle,Michigan,377642,6
Roscommon,Michigan,632223,16
Saginaw,Michigan,8934115,59
St. Clair,Michigan,6038254,27
St. Joseph,Michigan,2232753,60
Sanilac,Michigan,1288840,15
Schoolcraft,Michigan,278352,8
Shiawassee,Michigan,1848724,44
Tuscola,Michigan,1437917,17
Van Buren,Michigan,2626677,80
Washtenaw,Michigan,27760301,34
Wayne,Michigan,102394962,65
Wexford,Michigan,1364403,57
Aitkin,Minnesota,480680,28
Anoka,Minnesota,15877005,40
Becker,Minnesota,1488619,14
Beltrami,Minnesota,1910450,18
Benton,Minnesota,1805140,48
Big Stone,Minnesota,229850,74
Blue Earth,Minnesota,4174644,30
Brown,Minnesota,1475880,19
Carlton,Minnesota,1371032,76
Carver,Minnesota,6058226,37
Cass,Minnesota,1053009,45
Chippewa,Minnesota,571377,63
Chisago,Minnesota,1729463,25
Clay,Minnesota,2199170,36
Clearwater,Minnesota,301698,39
Cook,Minnesota,294725,9
Cottonwood,Minnesota,635748,80
Crow Wing,Minnesota,3007898,31
Dakota,Minnesota,27844109,16
Dodge,Minnesota,794032,54
Douglas,Minnesota,2083663,47
Faribault,Minnesota,551249,66
Fillmore,Minnesota,680710,15
Freeborn,Minnesota,1281661,61
Goodhue,Minnesota,2865729,69
Grant,Minnesota,259855,83
Hennepin,Minnesota,153162816,33
Houston,Minnesota,591568,24
Hubbard,Minnesota,753919,21
Isanti,Minnesota,1196217,17
Itasca,Minnesota,2128986,29
Jackson,Minnesota,614284,70
Kanabec,Minnesota,390906,68
Kandiyohi,Minnesota,2208229,75
Kittson,Minnesota,211484,81
Koochiching,Minnesota,496496,62
Lac qui Parle,Minnesota,325390,26
Lake,Minnesota,516864,1
Lake of the Woods,Minnesota,190748,43
Le Sueur,Minnesota,978654,34
Lincoln,Minnesota,437918,38
Lyon,Minnesota,1593208,35
McLeod,Minnesota,1779165,67
Mahnomen,Minnesota,180406,73
Marshall,Minnesota,384573,86
Martin,Minnesota,936718,84
Meeker,Minnesota,1279906,52
Mille Lacs,Minnesota,861629,20
Morrison,Minnesota,1126406,58
Mower,Minnesota,2370640,5
Murray,Minnesota,496383,6
Nicollet,Minnesota,1495660,79
Nobles,Minnesota,1284714,65
Norman,Minnesota,192057,87
Olmsted,Minnesota,12632373,13
Otter Tail,Minnesota,2456540,44
Pennington,Minnesota,1981924,50
Pine,Minnesota,702512,55
Pipestone,Minnesota,683865,22
Polk,Minnesota,1265187,82
Pope,Minnesota,524630,72
Ramsey,Minnesota,44416566,27
Red Lake,Minnesota,176908,51
Redwood,Minnesota,1057182,4
Renville,Minnesota,774751,77
Rice,Minnesota,2994454,23
Rock,Minnesota,654896,3
Roseau,Minnesota,1288795,7
St. Louis,Minnesota,11012246,8
Scott,Minnesota,7791777,12
Sherburne,Minnesota,3483095,71
Sibley,Minnesota,460320,57
Stearns,Minnesota,9293477,46
Steele,Minnesota,2223494,41
Stevens,Minnesota,531993,85
Swift,Minnesota,571031,60
Todd,Minnesota,820970,56
Traverse,Minnesota,241941,2
Wabasha,Minnesota,763145,59
Wadena,Minnesota,527522,32
Waseca,Minnesota,872591,53
Washington,Minnesota,12783370,10
Watonwan,Minnesota,442393,78
Wilkin,Minnesota,357795,11
Winona,Minnesota,2301208,64
Wright,Minnesota,5162637,49
Yellow Medicine,Minnesota,561042,42
Adams,Mississippi,958252,28
Alcorn,Mississippi,1278826,48
Amite,Mississippi,299151,34
Attala,Mississippi,531911,66
Benton,Mississippi,326061,14
Bolivar,Mississippi,1080532,12
Calhoun,Mississippi,277419,59
Carroll,Mississippi,101956,65
Chickasaw,Mississippi,415484,80
Choctaw,Mississippi,672920,64
Claiborne,Mississippi,753089,2
Clarke,Mississippi,292827,8
Clay,Mississippi,535009,47
Coahoma,Mississippi,670009,73
Copiah,Mississippi,724176,61
Covington,Mississippi,737305,42
DeSoto,Mississippi,7078157,33
Forrest,Mississippi,3747996,44
Franklin,Mississippi,207644,23
George,Mississippi,510548,30
Greene,Mississippi,183330,15
Grenada,Mississippi,892512,72
Hancock,Mississippi,1828268,18
Harrison,Mississippi,9741404,36
Hinds,Mississippi,12174864,55
Holmes,Mississippi,266001,50
Humphreys,Mississippi,187507,53
Issaquena,Mississippi,27998,1
Itawamba,Mississippi,616532,26
Jackson,Mississippi,7391018,16
Jasper,Mississippi,470877,45
Jefferson,Mississippi,97447,70
Jefferson Davis,Mississippi,184586,19
Jones,Mississippi,2958184,24
Kemper,Mississippi,286202,82
Lafayette,Mississippi,2364876,40
Lamar,Mississippi,2132030,4
Lauderdale,Mississippi,3541660,35
Lawrence,Mississippi,348875,68
Leake,Mississippi,622007,76
Lee,Mississippi,5020893,51
Leflore,Mississippi,1152844,77
Lincoln,Mississippi,1167545,54
Lowndes,Mississippi,3253802,20
Madison,Mississippi,7803969,38
Marion,Mississippi,817294,37
Marshall,Mississippi,862414,21
Monroe,Mississippi,940091,75
Montgomery,Mississippi,202257,29
Neshoba,Mississippi,1113354,63
Newton,Mississippi,538509,27
Noxubee,Mississippi,251454,43
Oktibbeha,Mississippi,2003967,17
Panola,Mississippi,1104627,39
Pearl River,Mississippi,1141163,22
Perry,Mississippi,293559,79
Pike,Mississippi,1168457,49
Pontotoc,Mississippi,938689,71
Prentiss,Mississippi,602847,46
Quitman,Mississippi,98841,81
Rankin,Mississippi,7607143,25
Scott,Mississippi,1069790,78
Sharkey,Mississippi,104614,6
Simpson,Mississippi,642787,62
Smith,Mississippi,383376,67
Stone,Mississippi,434561,13
Sunflower,Mississippi,712284,9
Tallahatchie,Mississippi,310903,11
Tate,Mississippi,576604,41
Tippah,Mississippi,663012,31
Tishomingo,Mississippi,659740,7
Tunica,Mississippi,624648,5
Union,Mississippi,1153362,74
Walthall,Mississippi,262864,69
Warren,Mississippi,2434014,32
Washington,Mississippi,1398082,58
Wayne,Mississippi,623060,57
Webster,Mississippi,218842,3
Wilkinson,Mississippi,148521,52
Winston,Mississippi,498271,56
Yalobusha,Mississippi,312425,60
Yazoo,Mississippi,763175,10
Adair,Missouri,856741,36
Andrew,Missouri,308512,74
Atchison,Missouri,389756,98
Audrain,Missouri,922972,17
Barry,Missouri,1588323,112
Barton,Missouri,409870,50
Bates,Missouri,456676,23
Benton,Missouri,458360,61
Bollinger,Missouri,167618,95
Boone,Missouri,10266814,62
Buchanan,Missouri,5019640,83
Butler,Missouri,1538188,71
Caldwell,Missouri,222603,58
Callaway,Missouri,1925497,48
Camden,Missouri,1733853,51
Cape Girardeau,Missouri,4292056,60
Carroll,Missouri,338477,44
Carter,Missouri,127607,52
Cass,Missouri,3032459,66
Cedar,Missouri,322563,26
Chariton,Missouri,296937,10
Christian,Missouri,1969109,73
Clark,Missouri,166743,21
Clay,Missouri,13854366,82
Clinton,Missouri,414136,110
Cole,Missouri,5729719,35
Cooper,Missouri,490033,22
Crawford,Missouri,738930,43
Dade,Missouri,196059,70
Dallas,Missouri,297278,38
Daviess,Missouri,175469,30
DeKalb,Missouri,317276,104
Dent,Missouri,374432,14
Douglas,Missouri,220231,96
Dunklin,Missouri,735340,109
Franklin,Missouri,5001462,59
Gasconade,Missouri,460229,85
Gentry,Missouri,217487,19
Greene,Missouri,18534513,72
Grundy,Missouri,303454,45
Harrison,Missouri,243180,86
Henry,Missouri,795071,25
Hickory,Missouri,178552,13
Holt,Missouri,191196,107
Howard,Missouri,227665,94
Howell,Missouri,1363953,32
Iron,Missouri,357416,102
Jackson,Missouri,51267431,68
Jasper,Missouri,5489065,92
Jefferson,Missouri,5124802,108
Johnson,Missouri,1968735,76
Knox,Missouri,131760,11
Laclede,Missouri,1654847,18
Lafayette,Missouri,879153,78
Lawrence,Missouri,947786,105
Lewis,Missouri,245245,80
Lincoln,Missouri,1368075,42
Linn,Missouri,404525,55
Livingston,Missouri,563493,90
McDonald,Missouri,789415,113
Macon,Missouri,613023,47
Madison,Missouri,280456,88
Maries,Missouri,188998,16
Marion,Missouri,1249377,64
Mercer,Missouri,106381,6
Miller,Missouri,735707,69
Mississippi,Missouri,323478,101
Moniteau,Missouri,481732,54
Monroe,Missouri,238019,1
Montgomery,Missouri,366081,53
Morgan,Missouri,579947,111
New Madrid,Missouri,993448,115
Newton,Missouri,2207312,97
Nodaway,Missouri,750826,89
Oregon,Missouri,210889,15
Osage,Missouri,430951,81
Ozark,Missouri,150006,41
Pemiscot,Missouri,449499,99
Perry,Missouri,903069,67
Pettis,Missouri,2479925,8
Phelps,Missouri,1680273,49
Pike,Missouri,553471,20
Platte,Missouri,7648431,63
Polk,Missouri,917541,27
Pulaski,Missouri,2335292,29
Putnam,Missouri,133505,2
Ralls,Missouri,673421,24
Randolph,Missouri,1281782,100
Ray,Missouri,504120,39
Reynolds,Missouri,205807,103
Ripley,Missouri,216308,84
St. Charles,Missouri,20406941,46
St. Clair,Missouri,201731,4
Ste. Genevieve,Missouri,638568,106
St. Francois,Missouri,1765541,79
St. Louis,Missouri,91847187,56
Saline,Missouri,1000245,28
Schuyler,Missouri,142274,9
Scotland,Missouri,177598,7
Scott,Missouri,1718224,77
Shannon,Missouri,143648,37
Shelby,Missouri,186679,31
Stoddard,Missouri,1058173,114
Stone,Missouri,794340,93
Sullivan,Missouri,473531,5
Taney,Missouri,2824240,57
Texas,Missouri,550422,33
Vernon,Missouri,875575,12
Warren,Missouri,890041,91
Washington,Missouri,411747,87
Wayne,Missouri,216356,40
Webster,Missouri,879885,75
Worth,Missouri,52039,3
Wright,Missouri,456789,34
St. Louis City,Missouri,31984683,65
Beaverhead,Montana,455642,31
Big Horn,Montana,873733,51
Blaine,Montana,196233,17
Broadwater,Montana,210880,12
Carbon,Montana,384861,15
Carter,Montana,43096,37
Cascade,Montana,4179787,33
Chouteau,Montana,331841,6
Custer,Montana,500517,41
Daniels,Montana,97576,52
Dawson,Montana,396732,44
Deer Lodge,Montana,331833,25
Fallon,Montana,202524,2
Fergus,Montana,507457,42
Flathead,Montana,5290713,27
Gallatin,Montana,8543217,21
Garfield,Montana,48085,49
Glacier,Montana,543718,7
Golden Valley,Montana,25397,45
Granite,Montana,116300,28
Hill,Montana,820598,22
Jefferson,Montana,276561,19
Judith Basin,Montana,100511,34
Lake,Montana,918822,36
Lewis and Clark,Montana,4171390,23
Liberty,Montana,257262,5
Lincoln,Montana,634094,40
McCone,Montana,82820,56
Madison,Montana,546777,46
Meagher,Montana,70393,13
Mineral,Montana,111031,32
Missoula,Montana,6623001,29
Musselshell,Montana,337296,54
Park,Montana,661029,24
Petroleum,Montana,17007,10
Phillips,Montana,129651,48
Pondera,Montana,301426,3
Powder River,Montana,129240,14
Powell,Montana,259064,9
Prairie,Montana,43514,20
Ravalli,Montana,1347507,30
Richland,Montana,986153,1
Roosevelt,Montana,436153,16
Rosebud,Montana,758297,43
Sanders,Montana,376212,38
Sheridan,Montana,166278,39
Silver Bow,Montana,1645474,35
Stillwater,Montana,539528,55
Sweet Grass,Montana,208458,50
Teton,Montana,293022,11
Toole,Montana,409543,8
Treasure,Montana,78837,4
Valley,Montana,304515,53
Wheatland,Montana,79502,47
Wibaux,Montana,43450,18
Yellowstone,Montana,9993308,26
Adams,Nebraska,2113723,77
Antelope,Nebraska,642726,34
Arthur,Nebraska,21940,1
Banner,Nebraska,39459,26
Blaine,Nebraska,32659,3
Boone,Nebraska,471551,30
Box Butte,Nebraska,506576,89
Boyd,Nebraska,115696,87
Brown,Nebraska,207267,10
Buffalo,Nebraska,3785265,70
Burt,Nebraska,323323,37
Butler,Nebraska,426354,44
Cass,Nebraska,866098,60
Cedar,Nebraska,468107,51
Chase,Nebraska,330167,68
Cherry,Nebraska,336749,9
Cheyenne,Nebraska,507054,88
Clay,Nebraska,368017,31
Colfax,Nebraska,815745,73
Cuming,Nebraska,846103,14
Custer,Nebraska,762617,27
Dakota,Nebraska,1821446,86
Dawes,Nebraska,285030,50
Dawson,Nebraska,1720014,56
Deuel,Nebraska,80904,93
Dixon,Nebraska,367960,71
Dodge,Nebraska,2382098,80
Douglas,Nebraska,56371635,83
Dundy,Nebraska,177606,49
Fillmore,Nebraska,424740,41
Franklin,Nebraska,115265,13
Frontier,Nebraska,132711,39
Furnas,Nebraska,336094,28
Gage,Nebraska,1151648,72
Garden,Nebraska,77513,55
Garfield,Nebraska,87380,23
Gosper,Nebraska,112057,29
Grant,Nebraska,30885,4
Greeley,Nebraska,133892,11
Hall,Nebraska,3988044,76
Hamilton,Nebraska,716614,59
Harlan,Nebraska,196595,16
Hayes,Nebraska,87710,69
Hitchcock,Nebraska,176749,85
Holt,Nebraska,680966,57
Hooker,Nebraska,30364,53
Howard,Nebraska,236808,40
Jefferson,Nebraska,469343,66
Johnson,Nebraska,204420,82
Kearney,Nebraska,412674,25
Keith,Nebraska,406061,67
Keya Paha,Nebraska,33771,35
Kimball,Nebraska,193315,90
Knox,Nebraska,666307,79
Lancaster,Nebraska,21955532,75
Lincoln,Nebraska,2457678,47
Logan,Nebraska,33752,7
Loup,Nebraska,36037,5
McPherson,Nebraska,28502,2
Madison,Nebraska,2455983,81
Merrick,Nebraska,410324,38
Morrill,Nebraska,328848,22
Nance,Nebraska,186062,12
Nemaha,Nebraska,794929,33
Nuckolls,Nebraska,331762,17
Otoe,Nebraska,1308857,91
Pawnee,Nebraska,130294,54
Perkins,Nebraska,308570,92
Phelps,Nebraska,836665,45
Pierce,Nebraska,515750,21
Platte,Nebraska,2910897,74
Polk,Nebraska,325996,32
Red Willow,Nebraska,594981,48
Richardson,Nebraska,372164,84
Rock,Nebraska,93325,15
Saline,Nebraska,1031630,78
Sarpy,Nebraska,10233381,63
Saunders,Nebraska,832137,46
Scotts Bluff,Nebraska,1762543,65
Seward,Nebraska,821696,61
Sheridan,Nebraska,318938,52
Sherman,Nebraska,128721,24
Sioux,Nebraska,73906,8
Stanton,Nebraska,419877,20
Thayer,Nebraska,434411,36
Thomas,Nebraska,33717,42
Thurston,Nebraska,521171,19
Valley,Nebraska,304033,43
Washington,Nebraska,1463457,64
Wayne,Nebraska,627669,62
Webster,Nebraska,322433,18
Wheeler,Nebraska,90116,6
York,Nebraska,976164,58
Churchill,Nevada,1206361,4
Clark,Nevada,142816754,5
Douglas,Nevada,2863058,7
Elko,Nevada,2707880,10
Esmeralda,Nevada,40965,1
Eureka,Nevada,1064756,15
Humboldt,Nevada,1330770,8
Lander,Nevada,725875,12
Lincoln,Nevada,153422,13
Lyon,Nevada,1762249,9
Mineral,Nevada,202174,16
Nye,Nevada,1904930,2
Pershing,Nevada,298294,14
Storey,Nevada,1999430,17
Washoe,Nevada,32124910,6
White Pine,Nevada,613339,11
Carson City,Nevada,3836985,3
Belknap,New Hampshire,3077600,4
Carroll,New Hampshire,2436876,6
Cheshire,New Hampshire,4022553,9
Coos,New Hampshire,1363574,3
Grafton,New Hampshire,7710924,2
Hillsborough,New Hampshire,30476161,7
Merrimack,New Hampshire,10392468,8
Rockingham,New Hampshire,25975284,1
Strafford,New Hampshire,6441921,5
Sullivan,New Hampshire,1585384,10
Atlantic,New Jersey,15025707,5
Bergen,New Jersey,82441222,19
Burlington,New Jersey,31563624,13
Camden,New Jersey,26562641,18
Cape May,New Jersey,6149852,3
Cumberland,New Jersey,6438499,20
Essex,New Jersey,58829083,10
Gloucester,New Jersey,14406711,6
Hudson,New Jersey,51368280,17
Hunterdon,New Jersey,7850163,14
Mercer,New Jersey,44411940,16
Middlesex,New Jersey,69474434,11
Monmouth,New Jersey,41526595,8
Morris,New Jersey,60193319,21
Ocean,New Jersey,24123172,7
Passaic,New Jersey,22059977,12
Salem,New Jersey,6088692,1
Somerset,New Jersey,45872054,4
Sussex,New Jersey,5375269,15
Union,New Jersey,39552133,9
Warren,New Jersey,4654374,2
Bernalillo,New Mexico,41812954,23
Catron,New Mexico,111376,21
Chaves,New Mexico,2099721,27
Cibola,New Mexico,628390,12
Colfax,New Mexico,470242,9
Curry,New Mexico,3246156,26
De Baca,New Mexico,85891,3
Do–a Ana,New Mexico,8537154,15
Eddy,New Mexico,8060199,2
Grant,New Mexico,1173131,29
Guadalupe,New Mexico,187534,7
Harding,New Mexico,36554,32
Hidalgo,New Mexico,200238,8
Lea,New Mexico,8531127,1
Lincoln,New Mexico,670461,16
Los Alamos,New Mexico,3085463,5
Luna,New Mexico,904129,14
McKinley,New Mexico,2275793,18
Mora,New Mexico,113386,4
Otero,New Mexico,2901741,28
Quay,New Mexico,283466,30
Rio Arriba,New Mexico,1027897,19
Roosevelt,New Mexico,682041,31
Sandoval,New Mexico,4401759,13
San Juan,New Mexico,5389548,20
San Miguel,New Mexico,693123,11
Santa Fe,New Mexico,7512205,24
Sierra,New Mexico,311965,25
Socorro,New Mexico,521423,17
Taos,New Mexico,1076474,22
Torrance,New Mexico,595372,6
Union,New Mexico,128861,33
Valencia,New Mexico,1784303,10
Albany,New York,35778797,13
Allegany,New York,1431876,33
Bronx,New York,44029337,29
Broome,New York,9026669,32
Cattaraugus,New York,2824181,34
Cayuga,New York,3020680,49
Chautauqua,New York,4804944,21
Chemung,New York,3622588,45
Chenango,New York,2299265,12
Clinton,New York,3699091,20
Columbia,New York,2630069,39
Cortland,New York,1787841,47
Delaware,New York,2298982,3
Dutchess,New York,14979887,43
Erie,New York,62943074,9
Essex,New York,1698579,22
Franklin,New York,2072656,6
Fulton,New York,1858160,38
Genesee,New York,2559396,8
Greene,New York,2474797,62
Hamilton,New York,235759,17
Herkimer,New York,1715790,51
Jefferson,New York,6434562,41
Kings,New York,110580419,5
Lewis,New York,1219155,14
Livingston,New York,2266955,23
Madison,New York,2430639,15
Monroe,New York,48916577,42
Montgomery,New York,1963503,44
Nassau,New York,100089673,55
New York,New York,797092203,31
Niagara,New York,9964309,50
Oneida,New York,11543357,11
Onondaga,New York,32093789,35
Ontario,New York,6448569,36
Orange,New York,20713168,25
Orleans,New York,1374839,53
Oswego,New York,6694685,46
Otsego,New York,2638483,28
Putnam,New York,4048136,7
Queens,New York,107263194,10
Rensselaer,New York,11376791,2
Richmond,New York,17638277,24
Rockland,New York,18494167,30
St. Lawrence,New York,4847243,37
Saratoga,New York,11999733,56
Schenectady,New York,9242724,1
Schoharie,New York,1007395,40
Schuyler,New York,538245,27
Seneca,New York,1539323,52
Steuben,New York,4723931,54
Suffolk,New York,105751656,26
Sullivan,New York,3341222,18
Tioga,New York,1450217,60
Tompkins,New York,6140288,48
Ulster,New York,7959618,16
Warren,New York,5068240,4
Washington,New York,1949798,58
Wayne,New York,3806726,59
Westchester,New York,90241804,19
Wyoming,New York,1760078,61
Yates,New York,1012691,57
Alamance,North Carolina,6882150,36
Alexander,North Carolina,864265,88
Alleghany,North Carolina,300617,84
Anson,North Carolina,815053,94
Ashe,North Carolina,788125,64
Avery,North Carolina,646791,53
Beaufort,North Carolina,1797424,62
Bertie,North Carolina,596539,97
Bladen,North Carolina,1416967,91
Brunswick,North Carolina,5973641,12
Buncombe,North Carolina,16035112,27
Burke,North Carolina,2742837,69
Cabarrus,North Carolina,9111043,15
Caldwell,North Carolina,2431360,67
Camden,North Carolina,182171,2
Carteret,North Carolina,2733205,10
Caswell,North Carolina,354490,6
Catawba,North Carolina,9276616,75
Chatham,North Carolina,2039527,38
Cherokee,North Carolina,843153,60
Chowan,North Carolina,565377,21
Clay,North Carolina,230914,45
Cleveland,North Carolina,4488187,65
Columbus,North Carolina,1473977,82
Craven,North Carolina,5189264,31
Cumberland,North Carolina,18471055,50
Currituck,North Carolina,876170,32
Dare,North Carolina,2454965,47
Davidson,North Carolina,5267327,44
Davie,North Carolina,1411959,70
Duplin,North Carolina,2114639,98
Durham,North Carolina,41632015,22
Edgecombe,North Carolina,1574366,72
Forsyth,North Carolina,27325022,46
Franklin,North Carolina,2067922,5
Gaston,North Carolina,8460497,41
Gates,North Carolina,182752,89
Graham,North Carolina,228900,52
Granville,North Carolina,3740739,18
Greene,North Carolina,433348,96
Guilford,North Carolina,35469980,56
Halifax,North Carolina,1409905,74
Harnett,North Carolina,2883434,25
Haywood,North Carolina,1951424,58
Henderson,North Carolina,4587431,29
Hertford,North Carolina,846174,40
Hoke,North Carolina,1233844,51
Hyde,North Carolina,168469,95
Iredell,North Carolina,10764429,55
Jackson,North Carolina,1629465,78
Johnston,North Carolina,8331629,11
Jones,North Carolina,209873,100
Lee,North Carolina,2866902,59
Lenoir,North Carolina,2785295,87
Lincoln,North Carolina,3316791,43
McDowell,North Carolina,2045572,19
Macon,North Carolina,1779085,17
Madison,North Carolina,442034,33
Martin,North Carolina,613839,68
Mecklenburg,North Carolina,139157051,4
Mitchell,North Carolina,598729,1
Montgomery,North Carolina,1135582,28
Moore,North Carolina,4384297,14
Nash,North Carolina,5333290,35
New Hanover,North Carolina,15850617,24
Northampton,North Carolina,495724,93
Onslow,North Carolina,9506281,39
Orange,North Carolina,10198377,7
Pamlico,North Carolina,300047,23
Pasquotank,North Carolina,1704637,20
Pender,North Carolina,1857888,26
Perquimans,North Carolina,300668,49
Person,North Carolina,1431325,90
Pitt,North Carolina,9691704,34
Polk,North Carolina,552188,13
Randolph,North Carolina,4168843,80
Richmond,North Carolina,1905624,92
Robeson,North Carolina,3869692,81
Rockingham,North Carolina,2826221,77
Rowan,North Carolina,5968525,37
Rutherford,North Carolina,1876555,54
Sampson,North Carolina,1758379,99
Scotland,North Carolina,1185054,71
Stanly,North Carolina,1959005,16
Stokes,North Carolina,1211370,83
Surry,North Carolina,2630298,48
Swain,North Carolina,675069,85
Transylvania,North Carolina,1787759,63
Tyrrell,North Carolina,107308,3
Union,North Carolina,9493721,8
Vance,North Carolina,1244886,66
Wake,North Carolina,100210397,9
Warren,North Carolina,296361,76
Washington,North Carolina,269247,61
Watauga,North Carolina,2391073,57
Wayne,North Carolina,4989254,73
Wilkes,North Carolina,2440518,86
Wilson,North Carolina,3924561,42
Yadkin,North Carolina,932072,79
Yancey,North Carolina,425920,30
Adams,North Dakota,91021,41
Barnes,North Dakota,695491,12
Benson,North Dakota,277630,37
Billings,North Dakota,134560,6
Bottineau,North Dakota,459902,34
Bowman,North Dakota,192039,17
Burke,North Dakota,227925,14
Burleigh,North Dakota,5858988,25
Cass,North Dakota,14144093,19
Cavalier,North Dakota,396021,44
Dickey,North Dakota,422126,5
Divide,North Dakota,191408,7
Dunn,North Dakota,1744629,1
Eddy,North Dakota,134260,16
Emmons,North Dakota,162322,52
Foster,North Dakota,269906,30
Golden Valley,North Dakota,65370,43
Grand Forks,North Dakota,4126070,24
Grant,North Dakota,70056,49
Griggs,North Dakota,165875,20
Hettinger,North Dakota,69139,53
Kidder,North Dakota,136115,22
LaMoure,North Dakota,305672,9
Logan,North Dakota,112823,33
McHenry,North Dakota,269230,27
McIntosh,North Dakota,121642,48
McKenzie,North Dakota,3421868,2
McLean,North Dakota,709054,47
Mercer,North Dakota,889289,23
Morton,North Dakota,1362876,31
Mountrail,North Dakota,1774863,4
Nelson,North Dakota,166976,36
Oliver,North Dakota,229522,21
Pembina,North Dakota,488956,38
Pierce,North Dakota,234834,42
Ramsey,North Dakota,666577,28
Ransom,North Dakota,325710,10
Renville,North Dakota,178870,46
Richland,North Dakota,1037860,8
Rolette,North Dakota,392317,32
Sargent,North Dakota,1086826,11
Sheridan,North Dakota,62984,51
Sioux,North Dakota,123479,29
Slope,North Dakota,17070,50
Stark,North Dakota,2835524,13
Steele,North Dakota,175438,18
Stutsman,North Dakota,1387801,15
Towner,North Dakota,212631,40
Traill,North Dakota,450051,35
Walsh,North Dakota,575843,39
Ward,North Dakota,3837862,26
Wells,North Dakota,298869,45
Williams,North Dakota,6440503,3
Adams,Ohio,754484,21
Allen,Ohio,9016944,47
Ashland,Ohio,1846544,62
Ashtabula,Ohio,3301448,63
Athens,Ohio,2093540,65
Auglaize,Ohio,2650393,26
Belmont,Ohio,2801859,6
Brown,Ohio,912270,67
Butler,Ohio,22330118,46
Carroll,Ohio,1567511,2
Champaign,Ohio,1226813,79
Clark,Ohio,4742358,72
Clermont,Ohio,7790678,78
Clinton,Ohio,2424464,58
Columbiana,Ohio,3741820,13
Coshocton,Ohio,1308033,14
Crawford,Ohio,1339117,68
Cuyahoga,Ohio,104356340,76
Darke,Ohio,2262341,16
Defiance,Ohio,1736852,61
Delaware,Ohio,14702746,37
Erie,Ohio,4255477,27
Fairfield,Ohio,5029499,53
Fayette,Ohio,1619957,81
Franklin,Ohio,109281419,55
Fulton,Ohio,2099643,69
Gallia,Ohio,2142044,7
Geauga,Ohio,4358286,28
Greene,Ohio,11225906,22
Guernsey,Ohio,2826208,1
Hamilton,Ohio,84987740,54
Hancock,Ohio,5418098,88
Hardin,Ohio,1006758,17
Harrison,Ohio,1098560,3
Henry,Ohio,1243105,83
Highland,Ohio,1349985,51
Hocking,Ohio,634274,64
Holmes,Ohio,2626738,35
Huron,Ohio,2297653,56
Jackson,Ohio,1016651,43
Jefferson,Ohio,4181557,8
Knox,Ohio,2262632,19
Lake,Ohio,12198837,25
Lawrence,Ohio,1935329,12
Licking,Ohio,8043324,33
Logan,Ohio,2102029,75
Lorain,Ohio,11177496,59
Lucas,Ohio,26121534,48
Madison,Ohio,2168679,20
Mahoning,Ohio,9377665,60
Marion,Ohio,2663438,74
Medina,Ohio,7850418,38
Meigs,Ohio,393956,29
Mercer,Ohio,2612684,10
Miami,Ohio,4737261,57
Monroe,Ohio,1003892,4
Montgomery,Ohio,31077701,52
Morgan,Ohio,375642,73
Morrow,Ohio,679024,40
Muskingum,Ohio,4092844,24
Noble,Ohio,420509,9
Ottawa,Ohio,2131971,11
Paulding,Ohio,620908,15
Perry,Ohio,728029,36
Pickaway,Ohio,2076724,39
Pike,Ohio,1117101,82
Portage,Ohio,6795220,23
Preble,Ohio,1205610,87
Putnam,Ohio,1301052,77
Richland,Ohio,4709913,42
Ross,Ohio,3100494,44
Sandusky,Ohio,2937073,84
Scioto,Ohio,2772265,30
Seneca,Ohio,2054137,70
Shelby,Ohio,3256839,85
Stark,Ohio,17585061,45
Summit,Ohio,31278235,71
Trumbull,Ohio,7187843,34
Tuscarawas,Ohio,3855062,32
Union,Ohio,4679856,86
Van Wert,Ohio,1349499,66
Vinton,Ohio,442589,5
Warren,Ohio,14284439,49
Washington,Ohio,3735892,18
Wayne,Ohio,6804587,31
Williams,Ohio,1716337,80
Wood,Ohio,8162159,50
Wyandot,Ohio,1099727,41
Adair,Oklahoma,436259,74
Alfalfa,Oklahoma,394683,13
Atoka,Oklahoma,350190,58
Beaver,Oklahoma,437773,33
Beckham,Oklahoma,1065562,24
Blaine,Oklahoma,1574103,5
Bryan,Oklahoma,2057724,43
Caddo,Oklahoma,1045101,23
Canadian,Oklahoma,6930508,21
Carter,Oklahoma,3029955,11
Cherokee,Oklahoma,1429338,64
Choctaw,Oklahoma,425826,42
Cimarron,Oklahoma,259069,2
Cleveland,Oklahoma,9696907,53
Coal,Oklahoma,281850,32
Comanche,Oklahoma,5258949,67
Cotton,Oklahoma,169506,45
Craig,Oklahoma,465278,44
Creek,Oklahoma,2153096,35
Custer,Oklahoma,1707889,27
Delaware,Oklahoma,1028925,62
Dewey,Oklahoma,742089,6
Ellis,Oklahoma,863228,1
Garfield,Oklahoma,3088603,40
Garvin,Oklahoma,1836216,14
Grady,Oklahoma,4009684,8
Grant,Oklahoma,302953,29
Greer,Oklahoma,105825,41
Harmon,Oklahoma,107354,26
Harper,Oklahoma,232575,9
Haskell,Oklahoma,364524,46
Hughes,Oklahoma,688541,73
Jackson,Oklahoma,1183034,68
Jefferson,Oklahoma,128845,34
Johnston,Oklahoma,544868,25
Kay,Oklahoma,1882932,70
Kingfisher,Oklahoma,2945349,17
Kiowa,Oklahoma,225878,76
Latimer,Oklahoma,288018,57
Le Flore,Oklahoma,1386875,72
Lincoln,Oklahoma,785807,54
Logan,Oklahoma,963342,37
Love,Oklahoma,756985,20
McClain,Oklahoma,2034730,3
McCurtain,Oklahoma,1309248,59
McIntosh,Oklahoma,381272,71
Major,Oklahoma,568626,4
Marshall,Oklahoma,592068,39
Mayes,Oklahoma,2187525,30
Murray,Oklahoma,583952,22
Muskogee,Oklahoma,2854516,69
Noble,Oklahoma,610129,75
Nowata,Oklahoma,218535,36
Okfuskee,Oklahoma,241215,31
Oklahoma,Oklahoma,56681593,48
Okmulgee,Oklahoma,897040,56
Osage,Oklahoma,1109809,10
Ottawa,Oklahoma,1122153,60
Pawnee,Oklahoma,370013,38
Payne,Oklahoma,3546777,50
Pittsburg,Oklahoma,2097353,49
Pontotoc,Oklahoma,2196596,47
Pottawatomie,Oklahoma,2221211,66
Pushmataha,Oklahoma,251178,63
Roger Mills,Oklahoma,372242,18
Rogers,Oklahoma,3485200,61
Seminole,Oklahoma,843897,19
Sequoyah,Oklahoma,757662,65
Stephens,Oklahoma,2416745,7
Texas,Oklahoma,2000116,15
Tillman,Oklahoma,152106,77
Tulsa,Oklahoma,44433905,52
Wagoner,Oklahoma,1452948,28
Washington,Oklahoma,3066801,16
Washita,Oklahoma,354581,55
Woods,Oklahoma,634651,12
Woodward,Oklahoma,1214458,51
Baker,Oregon,607108,23
Benton,Oregon,5061341,21
Clackamas,Oregon,23399634,30
Clatsop,Oregon,2022457,22
Columbia,Oregon,1558066,11
Coos,Oregon,2535614,17
Crook,Oregon,1293008,8
Curry,Oregon,746455,12
Deschutes,Oregon,12442840,16
Douglas,Oregon,4052167,18
Gilliam,Oregon,341056,1
Grant,Oregon,290653,33
Harney,Oregon,351439,5
Hood River,Oregon,1428075,4
Jackson,Oregon,10314605,20
Jefferson,Oregon,850761,9
Josephine,Oregon,3094718,13
Klamath,Oregon,2609750,14
Lake,Oregon,365647,2
Lane,Oregon,18136369,24
Lincoln,Oregon,2118359,19
Linn,Oregon,5130128,27
Malheur,Oregon,1155682,35
Marion,Oregon,18291247,26
Morrow,Oregon,1552151,7
Multnomah,Oregon,73250246,25
Polk,Oregon,2343741,6
Sherman,Oregon,547454,36
Tillamook,Oregon,1183745,29
Umatilla,Oregon,3553307,34
Union,Oregon,1046407,31
Wallowa,Oregon,384205,10
Wasco,Oregon,1835697,15
Washington,Oregon,54083003,28
Wheeler,Oregon,43506,3
Yamhill,Oregon,3921543,32
Adams,Pennsylvania,3731401,62
Allegheny,Pennsylvania,105613456,36
Armstrong,Pennsylvania,1992028,37
Beaver,Pennsylvania,6434345,58
Bedford,Pennsylvania,1456546,64
Berks,Pennsylvania,20939523,30
Blair,Pennsylvania,6198024,45
Bradford,Pennsylvania,4691583,3
Bucks,Pennsylvania,37589469,42
Butler,Pennsylvania,11405006,9
Cambria,Pennsylvania,4905627,21
Cameron,Pennsylvania,222691,5
Carbon,Pennsylvania,2648835,11
Centre,Pennsylvania,9098449,32
Chester,Pennsylvania,48614126,18
Clarion,Pennsylvania,1124465,33
Clearfield,Pennsylvania,3122740,10
Clinton,Pennsylvania,1488687,16
Columbia,Pennsylvania,2504514,47
Crawford,Pennsylvania,2918572,56
Cumberland,Pennsylvania,17730509,51
Dauphin,Pennsylvania,22872011,46
Delaware,Pennsylvania,34713305,49
Elk,Pennsylvania,1309393,60
Erie,Pennsylvania,11425284,43
Fayette,Pennsylvania,4348292,20
Forest,Pennsylvania,221553,55
Franklin,Pennsylvania,6348981,54
Fulton,Pennsylvania,600788,65
Greene,Pennsylvania,3571751,6
Huntingdon,Pennsylvania,1226623,59
Indiana,Pennsylvania,3402292,66
Jefferson,Pennsylvania,1448238,44
Juniata,Pennsylvania,830307,22
Lackawanna,Pennsylvania,10398150,38
Lancaster,Pennsylvania,30698072,53
Lawrence,Pennsylvania,3301974,12
Lebanon,Pennsylvania,6209212,39
Lehigh,Pennsylvania,25110569,35
Luzerne,Pennsylvania,15543923,29
Lycoming,Pennsylvania,6008865,7
McKean,Pennsylvania,1629854,17
Mercer,Pennsylvania,4314908,34
Mifflin,Pennsylvania,1776266,50
Monroe,Pennsylvania,7420773,26
Montgomery,Pennsylvania,89401864,63
Montour,Pennsylvania,2178383,57
Northampton,Pennsylvania,16625280,15
Northumberland,Pennsylvania,3401432,40
Perry,Pennsylvania,996501,52
Philadelphia,Pennsylvania,110703184,23
Pike,Pennsylvania,1546479,19
Potter,Pennsylvania,748091,67
Schuylkill,Pennsylvania,4976116,48
Snyder,Pennsylvania,1722717,14
Somerset,Pennsylvania,2325667,61
Sullivan,Pennsylvania,343278,2
Susquehanna,Pennsylvania,2706152,1
Tioga,Pennsylvania,1807899,4
Union,Pennsylvania,1915107,41
Venango,Pennsylvania,1751460,31
Warren,Pennsylvania,1309620,28
Washington,Pennsylvania,14420854,8
Wayne,Pennsylvania,2034681,13
Westmoreland,Pennsylvania,15395142,24
Wyoming,Pennsylvania,1425152,25
York,Pennsylvania,22246746,27
Bristol,Rhode Island,1967028,2
Kent,Rhode Island,10007195,4
Newport,Rhode Island,6803707,3
Providence,Rhode Island,36887913,5
Washington,Rhode Island,7609612,1
Abbeville,South Carolina,572146,37
Aiken,South Carolina,7345821,25
Allendale,South Carolina,284568,7
Anderson,South Carolina,7846787,23
Bamberg,South Carolina,356168,12
Barnwell,South Carolina,481361,13
Beaufort,South Carolina,9791393,22
Berkeley,South Carolina,10329692,2
Calhoun,South Carolina,626831,21
Charleston,South Carolina,36832956,19
Cherokee,South Carolina,1808849,43
Chester,South Carolina,1204948,15
Chesterfield,South Carolina,1323355,41
Clarendon,South Carolina,689073,17
Colleton,South Carolina,1117962,3
Darlington,South Carolina,2634611,33
Dillon,South Carolina,740011,35
Dorchester,South Carolina,4991044,10
Edgefield,South Carolina,678491,8
Fairfield,South Carolina,1087273,14
Florence,South Carolina,7413412,26
Georgetown,South Carolina,2872657,29
Greenville,South Carolina,36190809,24
Greenwood,South Carolina,3449300,36
Hampton,South Carolina,501425,4
Horry,South Carolina,16167397,16
Jasper,South Carolina,1629861,1
Kershaw,South Carolina,2354372,5
Lancaster,South Carolina,3937432,9
Laurens,South Carolina,2264447,34
Lee,South Carolina,375774,42
Lexington,South Carolina,14243200,28
McCormick,South Carolina,225469,30
Marion,South Carolina,626511,20
Marlboro,South Carolina,700936,45
Newberry,South Carolina,1370462,44
Oconee,South Carolina,4024526,11
Orangeburg,South Carolina,2793661,40
Pickens,South Carolina,4483099,6
Richland,South Carolina,28287154,18
Saluda,South Carolina,440581,46
Spartanburg,South Carolina,17043342,31
Sumter,South Carolina,4474617,32
Union,South Carolina,683562,39
Williamsburg,South Carolina,733565,38
York,South Carolina,14303098,27
Aurora,South Dakota,130895,10
Beadle,South Dakota,977507,21
Bennett,South Dakota,110108,15
Bon Homme,South Dakota,250724,58
Brookings,South Dakota,2327164,30
Brown,South Dakota,2430428,53
Brule,South Dakota,275363,36
Buffalo,South Dakota,83897,11
Butte,South Dakota,356038,24
Campbell,South Dakota,90529,65
Charles Mix,South Dakota,471756,13
Clark,South Dakota,265976,8
Clay,South Dakota,657925,47
Codington,South Dakota,1598686,43
Corson,South Dakota,87572,62
Custer,South Dakota,284816,33
Davison,South Dakota,1311195,41
Day,South Dakota,303801,35
Deuel,South Dakota,407190,9
Dewey,South Dakota,209408,27
Douglas,South Dakota,203930,28
Edmunds,South Dakota,236940,64
Fall River,South Dakota,252112,20
Faulk,South Dakota,140407,55
Grant,South Dakota,571921,17
Gregory,South Dakota,187122,14
Haakon,South Dakota,133431,7
Hamlin,South Dakota,298133,12
Hand,South Dakota,220780,23
Hanson,South Dakota,167282,31
Harding,South Dakota,47771,61
Hughes,South Dakota,1241140,39
Hutchinson,South Dakota,419324,44
Hyde,South Dakota,128025,50
Jackson,South Dakota,80596,38
Jerauld,South Dakota,182131,57
Jones,South Dakota,49429,63
Kingsbury,South Dakota,306528,5
Lake,South Dakota,688175,19
Lawrence,South Dakota,1398173,37
Lincoln,South Dakota,6433595,54
Lyman,South Dakota,171168,48
McCook,South Dakota,293276,34
McPherson,South Dakota,109720,60
Marshall,South Dakota,299096,18
Meade,South Dakota,990261,22
Mellette,South Dakota,49568,3
Miner,South Dakota,143630,4
Minnehaha,South Dakota,16102745,45
Moody,South Dakota,349454,6
Oglala Lakota,South Dakota,330695,56
Pennington,South Dakota,6439764,46
Perkins,South Dakota,129277,59
Potter,South Dakota,124420,66
Roberts,South Dakota,405314,32
Sanborn,South Dakota,149987,1
Spink,South Dakota,467794,16
Stanley,South Dakota,132470,49
Sully,South Dakota,120642,51
Todd,South Dakota,241966,29
Tripp,South Dakota,266380,25
Turner,South Dakota,453668,26
Union,South Dakota,1807758,42
Walworth,South Dakota,249421,52
Yankton,South Dakota,1447160,40
Ziebach,South Dakota,57698,2
Anderson,Tennessee,5859999,79
Bedford,Tennessee,2038918,89
Benton,Tennessee,417183,39
Bledsoe,Tennessee,231803,78
Blount,Tennessee,7107696,17
Bradley,Tennessee,4940217,71
Campbell,Tennessee,1066445,51
Cannon,Tennessee,335016,20
Carroll,Tennessee,724378,7
Carter,Tennessee,1136349,41
Cheatham,Tennessee,1315792,75
Chester,Tennessee,400490,8
Claiborne,Tennessee,815844,48
Clay,Tennessee,171499,95
Cocke,Tennessee,834158,72
Coffee,Tennessee,3278510,29
Crockett,Tennessee,575253,28
Cumberland,Tennessee,1857446,32
Davidson,Tennessee,87529092,19
Decatur,Tennessee,329119,25
DeKalb,Tennessee,801376,83
Dickson,Tennessee,2191260,34
Dyer,Tennessee,1819040,60
Fayette,Tennessee,1520895,16
Fentress,Tennessee,515783,38
Franklin,Tennessee,1340328,59
Gibson,Tennessee,1541889,13
Giles,Tennessee,1262822,52
Grainger,Tennessee,515460,30
Greene,Tennessee,2507304,66
Grundy,Tennessee,241966,82
Hamblen,Tennessee,3623425,26
Hamilton,Tennessee,28980605,68
Hancock,Tennessee,109602,1
Hardeman,Tennessee,617377,42
Hardin,Tennessee,974495,84
Hawkins,Tennessee,1765249,87
Haywood,Tennessee,696049,92
Henderson,Tennessee,776437,50
Henry,Tennessee,1341486,36
Hickman,Tennessee,535683,77
Houston,Tennessee,156913,6
Humphreys,Tennessee,874018,61
Jackson,Tennessee,237289,15
Jefferson,Tennessee,1748540,70
Johnson,Tennessee,428972,67
Knox,Tennessee,32606852,27
Lake,Tennessee,130364,3
Lauderdale,Tennessee,679426,69
Lawrence,Tennessee,1148615,54
Lewis,Tennessee,341397,14
Lincoln,Tennessee,1180554,73
Loudon,Tennessee,2250466,85
McMinn,Tennessee,2209004,81
McNairy,Tennessee,545111,53
Macon,Tennessee,577169,88
Madison,Tennessee,6482390,43
Marion,Tennessee,871426,47
Marshall,Tennessee,1341536,57
Maury,Tennessee,5380793,5
Meigs,Tennessee,270392,76
Monroe,Tennessee,1673666,4
Montgomery,Tennessee,7136059,9
Moore,Tennessee,539662,86
Morgan,Tennessee,363440,2
Obion,Tennessee,1325559,21
Overton,Tennessee,589862,24
Perry,Tennessee,177786,46
Pickett,Tennessee,127729,90
Polk,Tennessee,336680,91
Putnam,Tennessee,3953882,49
Rhea,Tennessee,1902669,94
Roane,Tennessee,2778540,56
Robertson,Tennessee,2717207,55
Rutherford,Tennessee,21075430,40
Scott,Tennessee,521423,33
Sequatchie,Tennessee,344804,22
Sevier,Tennessee,5409328,44
Shelby,Tennessee,67464637,45
Smith,Tennessee,732824,62
Stewart,Tennessee,678886,93
Sullivan,Tennessee,9106690,58
Sumner,Tennessee,8643412,63
Tipton,Tennessee,1322807,64
Trousdale,Tennessee,228068,12
Unicoi,Tennessee,620320,31
Union,Tennessee,354765,10
Van Buren,Tennessee,100836,37
Warren,Tennessee,1459788,65
Washington,Tennessee,6880895,11
Wayne,Tennessee,367892,80
Weakley,Tennessee,1110984,74
White,Tennessee,822183,35
Williamson,Tennessee,30283015,23
Wilson,Tennessee,7220226,18
Anderson,Texas,2164042,225
Andrews,Texas,4128580,16
Angelina,Texas,3512511,173
Aransas,Texas,786741,213
Archer,Texas,340087,105
Armstrong,Texas,64460,204
Atascosa,Texas,3586352,27
Austin,Texas,1701111,209
Bailey,Texas,442887,68
Bandera,Texas,402255,241
Bastrop,Texas,3126982,148
Baylor,Texas,173861,246
Bee,Texas,839512,80
Bell,Texas,19016076,197
Bexar,Texas,121391325,206
Blanco,Texas,543690,138
Borden,Texas,842749,3
Bosque,Texas,663413,137
Bowie,Texas,3865689,190
Brazoria,Texas,17329766,169
Brazos,Texas,12259102,176
Brewster,Texas,449881,159
Briscoe,Texas,110849,252
Brooks,Texas,285617,128
Brown,Texas,1488077,199
Burleson,Texas,1053186,39
Burnet,Texas,2111799,167
Caldwell,Texas,1091434,178
Calhoun,Texas,3556934,163
Callahan,Texas,409835,82
Cameron,Texas,12543033,228
Camp,Texas,409323,237
Carson,Texas,1001397,181
Cass,Texas,1115529,98
Castro,Texas,813526,31
Chambers,Texas,2999510,74
Cherokee,Texas,1527050,90
Childress,Texas,289231,249
Clay,Texas,261493,60
Cochran,Texas,233166,231
Coke,Texas,217130,93
Coleman,Texas,233132,149
Collin,Texas,87862787,188
Collingsworth,Texas,86573,164
Colorado,Texas,941964,174
Comal,Texas,8808711,131
Comanche,Texas,480878,214
Concho,Texas,237043,87
Cooke,Texas,2573852,121
Coryell,Texas,1790456,216
Cottle,Texas,109044,85
Crane,Texas,953582,10
Crockett,Texas,665993,41
Crosby,Texas,253146,185
Culberson,Texas,2996840,22
Dallam,Texas,809485,32
Dallas,Texas,304515038,221
Dawson,Texas,983397,36
Deaf Smith,Texas,1700261,40
Delta,Texas,112243,71
Denton,Texas,48275771,215
DeWitt,Texas,3451192,30
Dickens,Texas,104177,97
Dimmit,Texas,3291229,8
Donley,Texas,143417,59
Duval,Texas,326178,151
Eastland,Texas,766362,212
Ector,Texas,13041630,88
Edwards,Texas,81642,57
Ellis,Texas,7787990,160
El Paso,Texas,37936526,156
Erath,Texas,1807296,162
Falls,Texas,482157,49
Fannin,Texas,1058428,191
Fayette,Texas,1671127,187
Fisher,Texas,419352,54
Floyd,Texas,314213,253
Foard,Texas,108911,235
Fort Bend,Texas,36644969,144
Franklin,Texas,479858,170
Freestone,Texas,1012281,89
Frio,Texas,1263621,45
Gaines,Texas,1998582,33
Galveston,Texas,18778210,117
Garza,Texas,244219,46
Gillespie,Texas,1357895,234
Glasscock,Texas,3697934,2
Goliad,Texas,300533,126
Gonzales,Texas,2938995,34
Gray,Texas,1088436,92
Grayson,Texas,5883798,139
Gregg,Texas,8348898,180
Grimes,Texas,1158490,152
Guadalupe,Texas,10710792,172
Hale,Texas,1352516,217
Hall,Texas,95176,103
Hamilton,Texas,287600,147
Hansford,Texas,754715,6
Hardeman,Texas,221999,238
Hardin,Texas,1390239,222
Harris,Texas,429677330,177
Harrison,Texas,4379512,220
Hartley,Texas,875605,24
Haskell,Texas,383869,44
Hays,Texas,10939214,125
Hemphill,Texas,403534,63
Henderson,Texas,2004026,168
Hidalgo,Texas,23993556,195
Hill,Texas,1194810,175
Hockley,Texas,1698842,53
Hood,Texas,2788369,115
Hopkins,Texas,1889071,183
Houston,Texas,944423,165
Howard,Texas,9035206,12
Hudspeth,Texas,175870,83
Hunt,Texas,5173197,99
Hutchinson,Texas,5289528,35
Irion,Texas,916822,26
Jack,Texas,410804,245
Jackson,Texas,607084,157
Jasper,Texas,1047339,193
Jeff Davis,Texas,78615,114
Jefferson,Texas,18212967,136
Jim Hogg,Texas,174176,120
Jim Wells,Texas,1653705,211
Johnson,Texas,6669340,223
Jones,Texas,486136,247
Karnes,Texas,6153388,28
Kaufman,Texas,5029048,122
Kendall,Texas,2660925,118
Kenedy,Texas,242735,243
Kent,Texas,178909,14
Kerr,Texas,2474023,186
Kimble,Texas,158642,106
King,Texas,91216,23
Kinney,Texas,117967,161
Kleberg,Texas,1206495,119
Knox,Texas,262516,236
Lamar,Texas,2768182,230
Lamb,Texas,814152,91
Lampasas,Texas,555598,229
La Salle,Texas,3137796,20
Lavaca,Texas,1311739,51
Lee,Texas,891571,62
Leon,Texas,866668,67
Liberty,Texas,2512302,155
Limestone,Texas,1466241,96
Lipscomb,Texas,516972,66
Live Oak,Texas,1925832,21
Llano,Texas,896144,107
Loving,Texas,8297119,9
Lubbock,Texas,15144655,208
Lynn,Texas,346025,250
McCulloch,Texas,366199,100
McLennan,Texas,14070337,192
McMullen,Texas,1544293,5
Madison,Texas,563256,77
Marion,Texas,284063,113
Martin,Texas,11396694,4
Mason,Texas,133027,64
Matagorda,Texas,2418666,140
Maverick,Texas,2021842,104
Medina,Texas,1231255,158
Menard,Texas,52872,70
Midland,Texas,32680851,29
Milam,Texas,722426,95
Mills,Texas,305403,52
Mitchell,Texas,344793,37
Montague,Texas,646531,194
Montgomery,Texas,37046507,146
Moore,Texas,3294078,78
Morris,Texas,646714,123
Motley,Texas,44764,48
Nacogdoches,Texas,2812840,171
Navarro,Texas,1787748,133
Newton,Texas,485650,201
Nolan,Texas,1028173,132
Nueces,Texas,20228929,141
Ochiltree,Texas,926669,47
Oldham,Texas,345497,73
Orange,Texas,4084085,153
Palo Pinto,Texas,1044056,184
Panola,Texas,2167161,248
Parker,Texas,5661099,150
Parmer,Texas,1098454,86
Pecos,Texas,2337916,38
Polk,Texas,1418490,166
Potter,Texas,8972937,227
Presidio,Texas,259174,101
Rains,Texas,248778,129
Randall,Texas,4568173,135
Reagan,Texas,3318525,17
Real,Texas,80492,207
Red River,Texas,349007,127
Reeves,Texas,11630083,19
Refugio,Texas,408407,75
Roberts,Texas,181482,76
Robertson,Texas,2488311,94
Rockwall,Texas,5651827,116
Runnels,Texas,327446,251
Rusk,Texas,2415681,232
Sabine,Texas,290039,56
San Augustine,Texas,728045,58
San Jacinto,Texas,378294,210
San Patricio,Texas,3105839,124
San Saba,Texas,160287,134
Schleicher,Texas,133762,142
Scurry,Texas,1631028,50
Shackelford,Texas,315480,112
Shelby,Texas,1438094,240
Sherman,Texas,532950,7
Smith,Texas,12494743,189
Somervell,Texas,1417721,110
Starr,Texas,1295181,233
Stephens,Texas,380693,79
Sterling,Texas,240337,61
Stonewall,Texas,131368,84
Sutton,Texas,212690,109
Swisher,Texas,522307,42
Tarrant,Texas,133198886,200
Taylor,Texas,7371530,202
Terrell,Texas,56969,254
Terry,Texas,535517,219
Throckmorton,Texas,160434,1
Titus,Texas,2059600,242
Tom Green,Texas,6779617,218
Travis,Texas,159612559,198
Trinity,Texas,270492,239
Tyler,Texas,533217,65
Upshur,Texas,857281,203
Upton,Texas,5905832,11
Uvalde,Texas,963594,143
Val Verde,Texas,1902952,224
Van Zandt,Texas,1441503,145
Victoria,Texas,4842038,196
Walker,Texas,2418498,179
Waller,Texas,4098626,108
Ward,Texas,3823574,13
Washington,Texas,2548166,81
Webb,Texas,12970009,102
Wharton,Texas,2136467,69
Wheeler,Texas,373920,72
Wichita,Texas,6048425,205
Wilbarger,Texas,815120,182
Willacy,Texas,566964,226
Williamson,Texas,32638884,130
Wilson,Texas,1378529,55
Winkler,Texas,1655686,25
Wise,Texas,3521247,111
Wood,Texas,1582826,154
Yoakum,Texas,1983345,18
Young,Texas,1152963,43
Zapata,Texas,586267,244
Zavala,Texas,804738,15
Beaver,Utah,379405,28
Box Elder,Utah,2876086,10
Cache,Utah,6711750,22
Carbon,Utah,908617,15
Daggett,Utah,118162,6
Davis,Utah,17748951,16
Duchesne,Utah,1470702,1
Emery,Utah,1132946,29
Garfield,Utah,343301,8
Grand,Utah,701658,27
Iron,Utah,2363564,13
Juab,Utah,739859,11
Kane,Utah,437169,25
Millard,Utah,1018500,23
Morgan,Utah,398655,24
Piute,Utah,86501,2
Rich,Utah,175483,3
Salt Lake,Utah,115710942,19
San Juan,Utah,554674,5
Sanpete,Utah,1098174,9
Sevier,Utah,1256748,12
Summit,Utah,4604128,18
Tooele,Utah,2262344,26
Uintah,Utah,2139540,4
Utah,Utah,36622568,17
Wasatch,Utah,1411532,14
Washington,Utah,8419791,21
Wayne,Utah,121441,7
Weber,Utah,13684763,20
Addison,Vermont,1738560,10
Bennington,Vermont,1774058,8
Caledonia,Vermont,1187883,11
Chittenden,Vermont,13103601,3
Essex,Vermont,135891,14
Franklin,Vermont,2066969,4
Grand Isle,Vermont,184552,13
Lamoille,Vermont,1252525,1
Orange,Vermont,844815,7
Orleans,Vermont,1110896,12
Rutland,Vermont,2765476,9
Washington,Vermont,3942358,6
Windham,Vermont,2315994,5
Windsor,Vermont,2832949,2
Accomack,Virginia,1527485,105
Amelia,Virginia,293573,104
Amherst,Virginia,803284,67
Appomattox,Virginia,343895,14
Arlington,Virginia,41158444,22
Bath,Virginia,239209,38
Bedford,Virginia,2087786,24
Bland,Virginia,201803,54
Botetourt,Virginia,1444344,25
Brunswick,Virginia,723317,101
Buchanan,Virginia,1078802,103
Buckingham,Virginia,505722,44
Caroline,Virginia,867160,16
Charles City,Virginia,225215,81
Charlotte,Virginia,291665,73
Chesterfield,Virginia,17808290,49
Clarke,Virginia,471665,30
Craig,Virginia,111009,17
Culpeper,Virginia,2035967,61
Cumberland,Virginia,164787,100
Dickenson,Virginia,592237,102
Essex,Virginia,406029,4
Fauquier,Virginia,3022166,75
Floyd,Virginia,415737,10
Fluvanna,Virginia,889257,63
Franklin,Virginia,1668223,41
Giles,Virginia,709814,1
Gloucester,Virginia,972811,42
Goochland,Virginia,3108922,71
Grayson,Virginia,297135,5
Greene,Virginia,501088,9
Halifax,Virginia,1177655,72
Hanover,Virginia,6762622,52
Henrico,Virginia,29493660,95
Highland,Virginia,72506,98
Isle of Wight,Virginia,1615648,2
King and Queen,Virginia,140381,91
King George,Virginia,2230476,37
King William,Virginia,529550,80
Lancaster,Virginia,504259,50
Lee,Virginia,418676,11
Loudoun,Virginia,35130231,19
Louisa,Virginia,2247984,89
Lunenburg,Virginia,255341,6
Madison,Virginia,378854,33
Mathews,Virginia,188556,77
Mecklenburg,Virginia,1209591,7
Middlesex,Virginia,370495,82
Nelson,Virginia,548723,59
New Kent,Virginia,659466,20
Northampton,Virginia,487659,3
Northumberland,Virginia,354820,64
Nottoway,Virginia,544586,88
Orange,Virginia,1136757,31
Page,Virginia,648049,94
Patrick,Virginia,404359,53
Powhatan,Virginia,908893,27
Prince Edward,Virginia,760438,62
Pulaski,Virginia,1572576,86
Rappahannock,Virginia,306185,68
Richmond,Virginia,284016,78
Russell,Virginia,693633,66
Scott,Virginia,446558,46
Shenandoah,Virginia,1682095,96
Smyth,Virginia,1091218,45
Stafford,Virginia,6550434,60
Surry,Virginia,1144567,97
Sussex,Virginia,327521,87
Tazewell,Virginia,1288724,29
Warren,Virginia,1831575,70
Westmoreland,Virginia,484994,8
Wythe,Virginia,1549669,74
Adams,Washington,725966,38
Asotin,Washington,726576,29
Benton,Washington,12676667,8
Chelan,Washington,5470834,4
Clallam,Washington,2936919,16
Clark,Washington,25470739,23
Columbia,Washington,348996,34
Cowlitz,Washington,5566844,31
Douglas,Washington,1920541,33
Ferry,Washington,205051,14
Franklin,Washington,4012944,35
Garfield,Washington,146995,37
Grant,Washington,6802642,1
Grays Harbor,Washington,2845591,17
Island,Washington,3602961,25
Jefferson,Washington,1377253,7
King,Washington,389400518,3
Kitsap,Washington,14063625,20
Kittitas,Washington,2057127,5
Klickitat,Washington,2031896,10
Lewis,Washington,3939309,26
Lincoln,Washington,357614,39
Mason,Washington,1834408,9
Okanogan,Washington,1747565,2
Pacific,Washington,794816,21
Pend Oreille,Washington,556041,30
Pierce,Washington,48890368,27
San Juan,Washington,958138,22
Skagit,Washington,6670384,28
Skamania,Washington,337980,11
Snohomish,Washington,49976303,12
Spokane,Washington,30682043,19
Stevens,Washington,1276084,18
Thurston,Washington,16194463,24
Wahkiakum,Washington,111468,13
Walla Walla,Washington,3452245,15
Whatcom,Washington,15332005,6
Whitman,Washington,2493089,36
Yakima,Washington,10394964,32
Barbour,West Virginia,481017,43
Berkeley,West Virginia,4487549,17
Boone,West Virginia,611686,47
Braxton,West Virginia,303588,21
Brooke,West Virginia,932789,10
Cabell,West Virginia,5162654,22
Calhoun,West Virginia,121609,12
Clay,West Virginia,157456,1
Doddridge,West Virginia,670493,3
Fayette,West Virginia,1102880,37
Gilmer,West Virginia,184225,11
Grant,West Virginia,422251,54
Greenbrier,West Virginia,1135407,46
Hampshire,West Virginia,392653,52
Hancock,West Virginia,942454,41
Hardy,West Virginia,766892,50
Harrison,West Virginia,4748951,13
Jackson,West Virginia,936891,6
Jefferson,West Virginia,2019688,18
Kanawha,West Virginia,11325618,25
Lewis,West Virginia,569276,19
Lincoln,West Virginia,232576,16
Logan,West Virginia,1386959,35
McDowell,West Virginia,532973,39
Marion,West Virginia,2300888,31
Marshall,West Virginia,2821698,8
Mason,West Virginia,738188,26
Mercer,West Virginia,1760807,32
Mineral,West Virginia,835034,51
Mingo,West Virginia,546111,20
Monongalia,West Virginia,7392502,34
Monroe,West Virginia,240714,23
Morgan,West Virginia,296122,40
Nicholas,West Virginia,672911,15
Ohio,West Virginia,3851528,14
Pendleton,West Virginia,154947,55
Pleasants,West Virginia,523106,53
Pocahontas,West Virginia,264796,49
Preston,West Virginia,752139,38
Putnam,West Virginia,2923115,44
Raleigh,West Virginia,3217131,30
Randolph,West Virginia,887940,24
Ritchie,West Virginia,680384,4
Roane,West Virginia,299079,42
Summers,West Virginia,219338,36
Taylor,West Virginia,588348,27
Tucker,West Virginia,319694,45
Tyler,West Virginia,1413220,2
Upshur,West Virginia,781373,9
Wayne,West Virginia,972113,29
Webster,West Virginia,133462,48
Wetzel,West Virginia,1069209,7
Wirt,West Virginia,79511,5
Wood,West Virginia,3717276,28
Wyoming,West Virginia,700206,33
Adams,Wisconsin,607796,5
Ashland,Wisconsin,685745,57
Barron,Wisconsin,2193015,55
Bayfield,Wisconsin,437261,39
Brown,Wisconsin,19426074,26
Buffalo,Wisconsin,562340,72
Burnett,Wisconsin,549363,16
Calumet,Wisconsin,1677614,50
Chippewa,Wisconsin,2842870,17
Clark,Wisconsin,1277227,67
Columbia,Wisconsin,2920752,18
Crawford,Wisconsin,711117,14
Dane,Wisconsin,48999812,10
Dodge,Wisconsin,3759273,59
Door,Wisconsin,1459999,13
Douglas,Wisconsin,1791319,60
Dunn,Wisconsin,1803412,66
Eau Claire,Wisconsin,6591965,38
Florence,Wisconsin,122254,25
Fond du Lac,Wisconsin,5021945,68
Forest,Wisconsin,319997,12
Grant,Wisconsin,2298089,3
Green,Wisconsin,1977741,8
Green Lake,Wisconsin,640394,34
Iowa,Wisconsin,1239608,7
Iron,Wisconsin,167183,32
Jackson,Wisconsin,820271,58
Jefferson,Wisconsin,3672417,62
Juneau,Wisconsin,940443,21
Kenosha,Wisconsin,7833266,23
Kewaunee,Wisconsin,689681,70
La Crosse,Wisconsin,7470222,45
Lafayette,Wisconsin,668059,1
Langlade,Wisconsin,690976,43
Lincoln,Wisconsin,1311189,46
Manitowoc,Wisconsin,4060330,49
Marathon,Wisconsin,8736047,64
Marinette,Wisconsin,1918543,53
Marquette,Wisconsin,403152,71
Menominee,Wisconsin,172461,11
Milwaukee,Wisconsin,61455546,33
Monroe,Wisconsin,2317098,42
Oconto,Wisconsin,984634,52
Oneida,Wisconsin,1802995,27
Outagamie,Wisconsin,12909272,41
Ozaukee,Wisconsin,5573300,9
Pepin,Wisconsin,287208,56
Pierce,Wisconsin,1208143,30
Polk,Wisconsin,1600424,47
Portage,Wisconsin,4274207,31
Price,Wisconsin,566799,54
Racine,Wisconsin,8691488,36
Richland,Wisconsin,756368,2
Rock,Wisconsin,8380111,6
Rusk,Wisconsin,514171,63
St. Croix,Wisconsin,4188829,51
Sauk,Wisconsin,4132687,15
Sawyer,Wisconsin,713617,24
Shawano,Wisconsin,1269075,35
Sheboygan,Wisconsin,6875216,40
Taylor,Wisconsin,782461,44
Trempealeau,Wisconsin,1337861,69
Vernon,Wisconsin,1181113,4
Vilas,Wisconsin,936756,20
Walworth,Wisconsin,4659143,37
Washburn,Wisconsin,599328,29
Washington,Wisconsin,6766231,61
Waukesha,Wisconsin,32821351,22
Waupaca,Wisconsin,1915129,28
Waushara,Wisconsin,629616,65
Winnebago,Wisconsin,11004211,48
Wood,Wisconsin,4116121,19
Albany,Wyoming,1654243,19
Big Horn,Wyoming,527504,15
Campbell,Wyoming,5668981,14
Carbon,Wyoming,1372720,5
Converse,Wyoming,1600158,1
Crook,Wyoming,345074,18
Fremont,Wyoming,1633106,13
Goshen,Wyoming,493298,3
Hot Springs,Wyoming,223532,23
Johnson,Wyoming,434873,11
Laramie,Wyoming,6478574,7
Lincoln,Wyoming,985598,8
Natrona,Wyoming,5447366,10
Niobrara,Wyoming,118556,2
Park,Wyoming,1619217,9
Platte,Wyoming,557581,4
Sheridan,Wyoming,1591258,21
Sublette,Wyoming,819068,22
Sweetwater,Wyoming,3414965,12
Teton,Wyoming,3695069,16
Uinta,Wyoming,870000,17
Washakie,Wyoming,347700,20
Weston,Wyoming,317107,6